-- phpMyAdmin SQL Dump
-- version 4.9.2
-- https://www.phpmyadmin.net/
--
-- 主機： 127.0.0.1
-- 產生時間： 
-- 伺服器版本： 10.4.10-MariaDB
-- PHP 版本： 7.1.33

SET SQL_MODE = "NO_AUTO_VALUE_ON_ZERO";
SET AUTOCOMMIT = 0;
START TRANSACTION;
SET time_zone = "+00:00";


/*!40101 SET @OLD_CHARACTER_SET_CLIENT=@@CHARACTER_SET_CLIENT */;
/*!40101 SET @OLD_CHARACTER_SET_RESULTS=@@CHARACTER_SET_RESULTS */;
/*!40101 SET @OLD_COLLATION_CONNECTION=@@COLLATION_CONNECTION */;
/*!40101 SET NAMES utf8mb4 */;

--
-- 資料庫： `pet_db`
--

-- --------------------------------------------------------

--
-- 資料表結構 `admin`
--

CREATE TABLE `admin` (
  `id` int(11) NOT NULL,
  `username` varchar(50) COLLATE utf8mb4_unicode_ci NOT NULL,
  `pwd` char(40) COLLATE utf8mb4_unicode_ci NOT NULL,
  `created_at` datetime NOT NULL DEFAULT current_timestamp(),
  `updated_at` datetime NOT NULL DEFAULT current_timestamp() ON UPDATE current_timestamp()
) ENGINE=InnoDB DEFAULT CHARSET=utf8mb4 COLLATE=utf8mb4_unicode_ci;

--
-- 傾印資料表的資料 `admin`
--

INSERT INTO `admin` (`id`, `username`, `pwd`, `created_at`, `updated_at`) VALUES
(1, 'test', 'a94a8fe5ccb19ba61c4c0873d391e987982fbbd3', '2020-01-10 09:26:49', '2020-01-10 09:26:49');

-- --------------------------------------------------------

--
-- 資料表結構 `adopt`
--

CREATE TABLE `adopt` (
  `petId` int(20) NOT NULL,
  `petNum` varchar(20) CHARACTER SET utf8mb4 COLLATE utf8mb4_unicode_ci NOT NULL,
  `petLocation` varchar(30) CHARACTER SET utf8mb4 COLLATE utf8mb4_unicode_ci NOT NULL,
  `petName` varchar(30) CHARACTER SET utf8mb4 COLLATE utf8mb4_unicode_ci NOT NULL,
  `petGender` varchar(1) CHARACTER SET utf8mb4 COLLATE utf8mb4_unicode_ci NOT NULL,
  `petAge` varchar(30) CHARACTER SET utf8mb4 COLLATE utf8mb4_unicode_ci NOT NULL,
  `petFix` varchar(1) CHARACTER SET utf8mb4 COLLATE utf8mb4_unicode_ci NOT NULL,
  `petImg` varchar(100) CHARACTER SET utf8mb4 COLLATE utf8mb4_unicode_ci DEFAULT NULL,
  `petDescription` varchar(1000) CHARACTER SET utf8mb4 COLLATE utf8mb4_unicode_ci NOT NULL,
  `created_at` datetime NOT NULL DEFAULT current_timestamp(),
  `updated_at` datetime NOT NULL DEFAULT current_timestamp() ON UPDATE current_timestamp()
) ENGINE=InnoDB DEFAULT CHARSET=utf8mb4;

--
-- 傾印資料表的資料 `adopt`
--

INSERT INTO `adopt` (`petId`, `petNum`, `petLocation`, `petName`, `petGender`, `petAge`, `petFix`, `petImg`, `petDescription`, `created_at`, `updated_at`) VALUES
(33, 'D001', '台北內湖', '土豆', '男', '1個月左右', '否', '20200117151710.jpg', '土豆雖小卻頗大的起床氣，若是他在睡覺，把他叫起來，他會生氣拒絕喝奶，一定要等他肚子餓叫了，自己起床才願意喝奶，而且奶的溫度太冷不喝，泡太稀也不喝，目前土豆尚年幼，一天需要吃五～六餐（半夜是要爬起來的喲）\r\n請審慎考量自身能力是否可以勝任哦！！！', '2020-01-17 14:21:18', '2020-01-17 15:17:10'),
(34, 'D002', '台北內湖', '圓圓', '女', '2-3個月', '否', '20200117151725.jpg', '已完成幼犬疫苗第一劑＆體內外驅蟲\r\n一開始是因為圓圓表現的非常害羞內向，所以決定帶小朋友回家中途，結果一切都是假象一整個騙很大，害羞內向只維持了一個晚上，後來發現圓圓根本是個吃貨來著，只要是吃的她都不放過，完全不挑食，非常愛玩，無時無刻像是充滿電的勁量電池，同時小公主很愛乾淨，不喜愛在吃飯睡覺的地方大小便，目前定點上廁所的準確率已有70%囉 ～', '2020-01-17 14:31:21', '2020-01-17 15:17:25'),
(39, 'D003', '新北市', '小斑', '女', '2個月', '否', '20200117190427.jpg', '2個月大的小斑妹妹，乖巧健康', '2020-01-17 19:04:27', '2020-01-17 19:04:27'),
(40, 'D004', '新北市', '柴柴', '男', '8個月', '否', '20200117191419.jpg', '六個多月認養回來至今的男生黃赤柴 很乖巧會固定牽出去散步大小便\r\n有晶片 還沒結紮，因環境因素無法再繼續飼養希望有個更好的環境及主人能夠疼愛及照顧', '2020-01-17 19:14:19', '2020-01-17 19:19:22'),
(41, 'D005', '雲林', '多多', '男', '3歲多', '是', '20200117192022.jpg', '身體狀況:右眼小時候有貪玩受傷,極為弱視,其餘健康\r\n多多因為還很皮很愛玩也很黏人,\r\n但大小便還要再訓練,還不太會定點大小便\r\n送養原因:因太愛亂吠已被鄰居開住戶大會討論,所以情非得已須把牠送養\r\n也希望能找到真心疼愛牠陪伴牠到老的家庭', '2020-01-17 19:20:22', '2020-01-17 19:20:22'),
(42, 'D006', '台北市', '凱凱', '男', '3個月', '否', '20200117200003.jpg', '凱凱, 小男生, 看一眼就愛上了..., 三個多月大, 抱起來還是好軟. 非常親人活潑健康可愛, 愛與同伴互相咬咬玩, 也愛咬著人的腳指和拖鞋玩, 愛吃, 好訓練, 會在尿布墊上尿尿便便~~~\r\n已除體內和體外蟲, 已打兩劑幼犬預防針. 小寶寶真的超可愛! 但就跟照顧一個人類的新生兒一樣, 需要主人非常多的愛心對待, 耐心教導, 常常陪伴, 更需要良好的健康照護. 才會長成身心健康的男子漢!', '2020-01-17 20:00:03', '2020-01-17 20:00:21');

-- --------------------------------------------------------

--
-- 資料表結構 `blogs`
--

CREATE TABLE `blogs` (
  `articleId` int(20) NOT NULL,
  `articleName` varchar(50) CHARACTER SET utf8mb4 COLLATE utf8mb4_unicode_ci NOT NULL,
  `articleType` varchar(20) CHARACTER SET utf8mb4 COLLATE utf8mb4_unicode_ci NOT NULL,
  `articleDescription` varchar(1000) CHARACTER SET utf8mb4 COLLATE utf8mb4_unicode_ci NOT NULL,
  `created_at` datetime NOT NULL DEFAULT current_timestamp(),
  `updated_at` datetime NOT NULL DEFAULT current_timestamp() ON UPDATE current_timestamp()
) ENGINE=InnoDB DEFAULT CHARSET=utf8mb4;

--
-- 傾印資料表的資料 `blogs`
--

INSERT INTO `blogs` (`articleId`, `articleName`, `articleType`, `articleDescription`, `created_at`, `updated_at`) VALUES
(51, '狗狗懷孕時，是可以洗澡的嗎？', '洗澎澎', '狗寶貝當孕媽咪了Σ(*ﾟдﾟﾉ)ﾉ\r\n\r\n平時大概5-7天就幫狗狗洗一次澡，\r\n但現在狗狗成了孕媽咪，到底還可不可以洗澡呢？\r\n狗狗有散步的需求，再加上身體比較容易出油並散發氣味，\r\n因此大多數的飼主平時大概5-7天就會幫狗狗洗一次澡。\r\n\r\n但當狗狗成了孕媽咪，究竟還可不可以洗澡呢？\r\n\r\n由於洗澡時會消耗不少的體力，且沖水後容易著涼，\r\n因此狗狗懷孕時，建議盡量不要幫狗狗洗澡，\r\n如果需要的話，建議可以使用擦澡的方式幫狗媽媽清潔身體喔！', '2020-01-16 15:49:52', '2020-01-16 15:57:02'),
(52, '幫狗狗剪指甲沒那麼恐怖！3步驟完成好easy', '', '狗狗的指甲越長越長，雖然知道一定要剪，\r\n但好怕剪到讓狗狗流血怎～麼～辦～～ヾ(;ﾟ;Д;ﾟ;)ﾉﾞ\r\n別擔心！幫狗狗剪指甲其實沒那麼恐怖喔！\r\n就讓毛起來幫幫你吧d(`･∀･)b\r\n\r\n幫狗狗剪指甲沒那麼恐怖！\r\n～3步驟完成好easy～\r\n現代的狗狗很少在粗糙的地面上行走，指甲無法自行磨損，\r\n因此每1~2週就要固定幫狗狗剪指甲喔！\r\nStep 1. 讓狗狗習慣腳掌被觸摸\r\n狗狗會對「剪指甲」那麼排斥，\r\n可能是因為被你突然被握住腳掌的這個動作嚇到了\r\n（狗狗：你要做什麼？！(((ﾟДﾟ;)))）\r\n\r\n有事沒事就摸摸狗狗的腳掌，讓狗狗習慣腳掌被觸摸之後，\r\n就能進入第二步驟囉！\r\nStep 2. 一次修一點較不容易見血\r\n很多飼主害怕檢指甲是因為怕剪到肉、讓狗狗流血，\r\n一個小技巧是，剪指甲時不要一次剪太多，一次修一點點，\r\n比較不容易讓狗狗流血喔！(ゝ∀･)b\r\nStep 3. 用捲好的砂紙磨指甲\r\n經過一番努力，終於幫狗狗剪完指甲啦～ε٩(๑> ₃ <)۶з\r\n最後，再用捲好的砂紙幫狗狗磨指甲就大功告成囉！\r\n（除了簡單使用砂紙，也可以使用寵物專用的磨甲器唷）', '2020-01-16 16:38:08', '2020-01-16 16:38:08'),
(57, '造成狗狗便秘~五大常見原因！', '', '咦？毛孩最近總是蹲廁所蹲超久，\r\n但又拉不出東西來，難道是便秘了嗎？\r\n為什麼會便秘呢？\r\n\r\n狗狗便秘~\r\n五大常見原因！\r\n不只是人類，狗狗也會遇到便秘的問題，\r\n這時主人就來幫毛孩找出可能的原因，\r\n協助他們改善吧！\r\n1. 誤食異物\r\n如果毛孩不小心吞下玩具、石頭……等異物，\r\n可能會造成腸道阻塞而引起便秘！\r\n2.缺乏運動\r\n運動能促進腸胃蠕動，\r\n若是沒有運動輔助，\r\n也可能會引發便秘問題！\r\n3.水喝太少\r\n若是攝取太少水分，\r\n會造成便便僵硬，難以排泄！\r\n4.心理壓力\r\n陌生的環境或是訪客來訪，\r\n可能會造成毛孩緊張感與壓力，\r\n因此而有便秘的問題！\r\n5.纖維攝取失衡\r\n纖維能夠幫助排便，\r\n但攝取太多或太少，都會造成便秘問題！\r\n\r\n \r\n\r\n毛孩便秘可是非常痛苦的喔！\r\n因為毛孩不會說話，\r\n因此飼主也應多多注意毛孩排便的狀況，\r\n否則如果宿便累積太久，\r\n糞便會釋放毒素，\r\n久而久之會破壞腸道環境、腸胃功能失調，\r\n對毛孩身體造成嚴重的影響喔！', '2020-01-17 10:09:15', '2020-01-17 10:09:15');

-- --------------------------------------------------------

--
-- 資料表結構 `category`
--

CREATE TABLE `category` (
  `cId` int(11) NOT NULL COMMENT '類別編號',
  `cName` varchar(10) COLLATE utf8mb4_unicode_ci NOT NULL COMMENT '類別名稱',
  `cParentId` int(11) DEFAULT 0 COMMENT '上層編號',
  `created_at` datetime NOT NULL DEFAULT current_timestamp() COMMENT '新增時間',
  `updated_at` datetime NOT NULL DEFAULT current_timestamp() COMMENT '更新時間'
) ENGINE=InnoDB DEFAULT CHARSET=utf8mb4 COLLATE=utf8mb4_unicode_ci;

--
-- 傾印資料表的資料 `category`
--

INSERT INTO `category` (`cId`, `cName`, `cParentId`, `created_at`, `updated_at`) VALUES
(1, '飼料', 0, '2020-01-16 17:59:33', '2020-01-16 17:59:33'),
(2, '零食', 0, '2020-01-16 17:59:43', '2020-01-16 17:59:43'),
(3, '犬用保健食品', 0, '2020-01-16 17:59:53', '2020-01-16 17:59:53'),
(4, '狗罐頭/鮮食/餐盒', 0, '2020-01-16 18:00:03', '2020-01-16 18:00:03'),
(5, '美容/清潔用品', 0, '2020-01-16 18:00:13', '2020-01-16 18:00:13'),
(6, '犬用玩具', 0, '2020-01-16 18:00:22', '2020-01-16 18:00:22'),
(7, '狗籠/狗屋', 0, '2020-01-16 18:00:30', '2020-01-16 18:00:30'),
(8, '床組', 0, '2020-01-16 18:00:37', '2020-01-16 18:00:37'),
(9, '狗衣服', 0, '2020-01-16 18:00:45', '2020-01-16 18:00:45'),
(10, '牽繩', 0, '2020-01-16 18:00:55', '2020-01-16 18:00:55'),
(11, '胸帶', 0, '2020-01-16 18:01:04', '2020-01-16 18:01:04'),
(12, '項圈', 0, '2020-01-16 18:01:16', '2020-01-16 18:01:16'),
(13, '外出提籠/推車', 0, '2020-01-16 18:03:09', '2020-01-16 18:03:09');

-- --------------------------------------------------------

--
-- 資料表結構 `dog`
--

CREATE TABLE `dog` (
  `dId` varchar(6) COLLATE utf8mb4_unicode_ci NOT NULL,
  `dName` varchar(20) COLLATE utf8mb4_unicode_ci NOT NULL,
  `mId` varchar(6) COLLATE utf8mb4_unicode_ci NOT NULL,
  `dImg` varchar(30) COLLATE utf8mb4_unicode_ci DEFAULT NULL COMMENT '狗狗頭貼',
  `dGender` varchar(6) COLLATE utf8mb4_unicode_ci DEFAULT NULL,
  `dYear` varchar(5) COLLATE utf8mb4_unicode_ci DEFAULT NULL COMMENT '狗狗年',
  `dMonth` varchar(5) COLLATE utf8mb4_unicode_ci DEFAULT NULL COMMENT '狗狗月',
  `dWeight` varchar(3) COLLATE utf8mb4_unicode_ci DEFAULT NULL,
  `dInfo` varchar(200) COLLATE utf8mb4_unicode_ci NOT NULL,
  `created_at` datetime NOT NULL DEFAULT current_timestamp(),
  `updated_at` datetime NOT NULL DEFAULT current_timestamp()
) ENGINE=InnoDB DEFAULT CHARSET=utf8mb4 COLLATE=utf8mb4_unicode_ci;

--
-- 傾印資料表的資料 `dog`
--

INSERT INTO `dog` (`dId`, `dName`, `mId`, `dImg`, `dGender`, `dYear`, `dMonth`, `dWeight`, `dInfo`, `created_at`, `updated_at`) VALUES
('d001', 'Sunny', 'm001', 'd001', 'girl', '6', '2', '4', '', '2020-01-15 00:00:00', '2020-01-15 00:00:00'),
('d002', 'Ulla', 'm002', 'd002', 'boy', '10', '4', '28', '', '2020-01-15 00:00:00', '2020-01-15 00:00:00'),
('d003', 'Fiona', 'm003', 'd003', 'boy', '3', '10', '13', '', '2020-01-15 00:00:00', '2020-01-15 00:00:00'),
('d004', 'Stephen', 'm004', 'd004', 'girl', '4', '2', '9', '', '2020-01-15 00:00:00', '2020-01-15 00:00:00'),
('d005', 'Ciara', 'm005', 'd005', 'boy', '16', '6', '14', '', '2020-01-15 00:00:00', '2020-01-15 00:00:00'),
('d006', 'Yoko', 'm006', 'd006', 'boy', '8', '11', '6', '', '2020-01-15 00:00:00', '2020-01-15 00:00:00'),
('d007', 'Coby', 'm007', 'd007', 'boy', '2', '0', '7', '', '2020-01-15 00:00:00', '2020-01-15 00:00:00'),
('d008', 'Thane', 'm008', 'd008', 'girl', '12', '10', '15', '', '2020-01-15 00:00:00', '2020-01-15 00:00:00'),
('d012', 'Kimberley', 'm012', 'd012', 'girl', '18', '9', '12', '', '2020-01-15 00:00:00', '2020-01-15 00:00:00'),
('d013', 'Blythe', 'm013', 'd013', 'boy', '7', '7', '28', '', '2020-01-15 00:00:00', '2020-01-15 00:00:00'),
('d014', 'Kelly', 'm002', 'd014', 'boy', '9', '8', '8', '', '2020-01-15 00:00:00', '2020-01-15 00:00:00'),
('d015', 'Hammett', 'm003', 'd015', 'girl', '13', '9', '21', '', '2020-01-15 00:00:00', '2020-01-15 00:00:00'),
('d016', 'Grace', 'm004', 'd016', 'boy', '9', '3', '18', '', '2020-01-15 00:00:00', '2020-01-15 00:00:00'),
('d017', 'Martena', 'm005', 'd017', 'boy', '12', '6', '15', '', '2020-01-15 00:00:00', '2020-01-15 00:00:00'),
('d018', 'Colt', 'm006', 'd018', 'boy', '6', '11', '13', '', '2020-01-15 00:00:00', '2020-01-15 00:00:00'),
('d019', 'Knox', 'm007', 'd019', 'girl', '10', '10', '18', '', '2020-01-15 00:00:00', '2020-01-15 00:00:00'),
('d020', 'Hector', 'm008', 'd020', 'girl', '11', '0', '29', '', '2020-01-15 00:00:00', '2020-01-15 00:00:00'),
('d021', 'Ulla', 'm009', 'd021', 'boy', '1', '7', '7', '', '2020-01-15 00:00:00', '2020-01-15 00:00:00'),
('d022', 'Upton', 'm010', 'd022', 'girl', '10', '5', '11', '', '2020-01-15 00:00:00', '2020-01-15 00:00:00'),
('d023', 'Oscar', 'm011', 'd023', 'girl', '3', '4', '8', '', '2020-01-15 00:00:00', '2020-01-15 00:00:00'),
('d024', 'Amber', 'm012', 'd024', 'boy', '1', '1', '19', '', '2020-01-15 00:00:00', '2020-01-15 00:00:00'),
('d025', 'Lee', 'm013', 'd025', 'girl', '16', '12', '7', '', '2020-01-15 00:00:00', '2020-01-15 00:00:00'),
('d026', 'Sydnee', 'm002', 'd026', 'boy', '9', '3', '9', '', '2020-01-15 00:00:00', '2020-01-15 00:00:00'),
('d027', 'Ursa', 'm003', 'd027', 'boy', '3', '6', '20', '', '2020-01-15 00:00:00', '2020-01-15 00:00:00'),
('d028', 'Adele', 'm004', 'd028', 'girl', '14', '7', '15', '', '2020-01-15 00:00:00', '2020-01-15 00:00:00'),
('d029', 'Lucas', 'm005', 'd029', 'boy', '0', '12', '27', '', '2020-01-15 00:00:00', '2020-01-15 00:00:00'),
('d030', 'Quemby', 'm006', 'd030', 'boy', '6', '11', '8', '', '2020-01-15 00:00:00', '2020-01-15 00:00:00'),
('d031', 'Zoe', 'm007', 'd031', 'boy', '4', '0', '27', '', '2020-01-15 00:00:00', '2020-01-15 00:00:00'),
('d032', 'Constance', 'm008', 'd032', 'girl', '8', '12', '4', '', '2020-01-15 00:00:00', '2020-01-15 00:00:00'),
('d033', 'Amir', 'm009', 'd033', 'girl', '12', '4', '13', '', '2020-01-15 00:00:00', '2020-01-15 00:00:00'),
('d034', 'Minerva', 'm010', 'd034', 'boy', '2', '6', '22', '', '2020-01-15 00:00:00', '2020-01-15 00:00:00'),
('d035', 'Ingrid', 'm011', 'd035', 'girl', '13', '6', '24', '', '2020-01-15 00:00:00', '2020-01-15 00:00:00'),
('d036', 'Garrison', 'm012', 'd036', 'girl', '7', '7', '10', '', '2020-01-15 00:00:00', '2020-01-15 00:00:00'),
('d037', 'Hermione', 'm013', 'd037', 'boy', '0', '0', '6', '', '2020-01-15 00:00:00', '2020-01-15 00:00:00'),
('d038', 'Amethyst', 'm002', 'd038', 'boy', '12', '4', '6', '', '2020-01-15 00:00:00', '2020-01-15 00:00:00'),
('d039', 'Erin', 'm003', 'd039', 'girl', '0', '3', '14', '', '2020-01-15 00:00:00', '2020-01-15 00:00:00'),
('d040', 'Leilani', 'm004', 'd040', 'boy', '7', '12', '7', '', '2020-01-15 00:00:00', '2020-01-15 00:00:00'),
('d041', 'Seth', 'm005', 'd041', 'boy', '13', '5', '17', '', '2020-01-15 00:00:00', '2020-01-15 00:00:00'),
('d042', 'Bradley', 'm006', 'd042', 'boy', '9', '8', '14', '', '2020-01-15 00:00:00', '2020-01-15 00:00:00'),
('d044', 'Gregory', 'm008', 'd044', 'girl', '0', '11', '23', '', '2020-01-15 00:00:00', '2020-01-15 00:00:00'),
('d045', 'Olivia', 'm009', 'd045', 'boy', '5', '1', '16', '', '2020-01-15 00:00:00', '2020-01-15 00:00:00'),
('d046', 'Ignatius', 'm010', 'd046', 'girl', '13', '11', '5', '', '2020-01-15 00:00:00', '2020-01-15 00:00:00'),
('d047', 'Price', 'm011', 'd047', 'girl', '18', '7', '19', '', '2020-01-15 00:00:00', '2020-01-15 00:00:00'),
('d048', 'Jessamine', 'm012', 'd048', 'boy', '7', '11', '6', '', '2020-01-15 00:00:00', '2020-01-15 00:00:00'),
('d049', 'Wang', 'm013', 'd049', 'girl', '16', '6', '4', '', '2020-01-15 00:00:00', '2020-01-15 00:00:00'),
('d050', 'Tanek', 'm002', 'd050', 'boy', '5', '10', '23', '', '2020-01-15 00:00:00', '2020-01-15 00:00:00'),
('d051', 'Jane', 'm003', 'd051', 'boy', '18', '3', '6', '', '2020-01-15 00:00:00', '2020-01-15 00:00:00'),
('d052', 'Clarke', 'm004', 'd052', 'girl', '7', '8', '7', '', '2020-01-15 00:00:00', '2020-01-15 00:00:00'),
('d053', 'Austin', 'm005', 'd053', 'boy', '18', '1', '8', '', '2020-01-15 00:00:00', '2020-01-15 00:00:00'),
('d054', 'Roth', 'm006', 'd054', 'boy', '8', '0', '11', '', '2020-01-15 00:00:00', '2020-01-15 00:00:00'),
('d055', 'Naomi', 'm007', 'd055', 'boy', '6', '7', '20', '', '2020-01-15 00:00:00', '2020-01-15 00:00:00'),
('d056', 'Zeus', 'm008', 'd056', 'girl', '8', '1', '11', '', '2020-01-15 00:00:00', '2020-01-15 00:00:00'),
('d057', 'Ryder', 'm009', 'd057', 'girl', '10', '3', '12', '', '2020-01-15 00:00:00', '2020-01-15 00:00:00'),
('d058', 'Hector', 'm010', 'd058', 'boy', '13', '1', '5', '', '2020-01-15 00:00:00', '2020-01-15 00:00:00'),
('d059', 'Whilemina', 'm011', 'd059', 'girl', '15', '5', '22', '', '2020-01-15 00:00:00', '2020-01-15 00:00:00'),
('d060', 'Ursula', 'm012', 'd060', 'girl', '5', '2', '5', '', '2020-01-15 00:00:00', '2020-01-15 00:00:00'),
('d061', 'Christopher', 'm013', 'd061', 'boy', '11', '6', '29', '', '2020-01-15 00:00:00', '2020-01-15 00:00:00'),
('d062', 'Hayes', 'm002', 'd062', 'boy', '16', '9', '5', '', '2020-01-15 00:00:00', '2020-01-15 00:00:00'),
('d063', 'Rajah', 'm003', 'd063', 'girl', '0', '3', '26', '', '2020-01-15 00:00:00', '2020-01-15 00:00:00'),
('d064', 'Kaden', 'm004', 'd064', 'boy', '3', '11', '15', '', '2020-01-15 00:00:00', '2020-01-15 00:00:00'),
('d065', 'Keith', 'm005', 'd065', 'boy', '7', '5', '4', '', '2020-01-15 00:00:00', '2020-01-15 00:00:00'),
('d066', 'Macon', 'm006', 'd066', 'boy', '1', '11', '10', '', '2020-01-15 00:00:00', '2020-01-15 00:00:00'),
('d067', 'Prescott', 'm007', 'd067', 'girl', '12', '1', '13', '', '2020-01-15 00:00:00', '2020-01-15 00:00:00'),
('d068', 'Kenneth', 'm008', 'd068', 'girl', '1', '5', '11', '', '2020-01-15 00:00:00', '2020-01-15 00:00:00'),
('d069', 'Martena', 'm009', 'd069', 'boy', '12', '0', '8', '', '2020-01-15 00:00:00', '2020-01-15 00:00:00'),
('d070', 'Drew', 'm010', 'd070', 'girl', '6', '10', '14', '', '2020-01-15 00:00:00', '2020-01-15 00:00:00'),
('d071', 'Ross', 'm011', 'd071', 'girl', '16', '7', '10', '', '2020-01-15 00:00:00', '2020-01-15 00:00:00'),
('d072', 'Anjolie', 'm012', 'd072', 'boy', '17', '6', '22', '', '2020-01-15 00:00:00', '2020-01-15 00:00:00'),
('d073', 'Beverly', 'm013', 'd073', 'girl', '17', '8', '5', '', '2020-01-15 00:00:00', '2020-01-15 00:00:00'),
('d074', 'Lacey', 'm002', 'd074', 'boy', '15', '7', '9', '', '2020-01-15 00:00:00', '2020-01-15 00:00:00'),
('d075', 'Roary', 'm003', 'd075', 'boy', '12', '8', '21', '', '2020-01-15 00:00:00', '2020-01-15 00:00:00'),
('d076', 'Vera', 'm004', 'd076', 'girl', '1', '0', '23', '', '2020-01-15 00:00:00', '2020-01-15 00:00:00'),
('d077', 'Uriel', 'm005', 'd077', 'boy', '15', '0', '5', '', '2020-01-15 00:00:00', '2020-01-15 00:00:00'),
('d078', 'Vernon', 'm006', 'd078', 'boy', '5', '8', '21', '', '2020-01-15 00:00:00', '2020-01-15 00:00:00'),
('d079', 'Xerxes', 'm007', 'd079', 'boy', '18', '9', '15', '', '2020-01-15 00:00:00', '2020-01-15 00:00:00'),
('d080', 'Conan', 'm008', 'd080', 'girl', '13', '9', '11', '', '2020-01-15 00:00:00', '2020-01-15 00:00:00'),
('d081', 'Germaine', 'm009', 'd081', 'girl', '11', '1', '28', '', '2020-01-15 00:00:00', '2020-01-15 00:00:00'),
('d082', 'Silas', 'm010', 'd082', 'boy', '15', '10', '13', '', '2020-01-15 00:00:00', '2020-01-15 00:00:00'),
('d083', 'Brennan', 'm011', 'd083', 'girl', '6', '3', '20', '', '2020-01-15 00:00:00', '2020-01-15 00:00:00'),
('d084', 'Justin', 'm012', 'd084', 'girl', '3', '3', '15', '', '2020-01-15 00:00:00', '2020-01-15 00:00:00'),
('d085', 'Mark', 'm013', 'd085', 'boy', '6', '8', '21', '', '2020-01-15 00:00:00', '2020-01-15 00:00:00'),
('d086', 'Madeline', 'm002', 'd086', 'boy', '9', '8', '5', '', '2020-01-15 00:00:00', '2020-01-15 00:00:00'),
('d087', 'Yvette', 'm003', 'd087', 'girl', '9', '8', '14', '', '2020-01-15 00:00:00', '2020-01-15 00:00:00'),
('d088', 'Scarlet', 'm004', 'd088', 'boy', '9', '6', '28', '', '2020-01-15 00:00:00', '2020-01-15 00:00:00'),
('d089', 'Quintessa', 'm005', 'd089', 'boy', '14', '10', '4', '', '2020-01-15 00:00:00', '2020-01-15 00:00:00'),
('d090', 'Barry', 'm006', 'd090', 'boy', '6', '5', '15', '', '2020-01-15 00:00:00', '2020-01-15 00:00:00'),
('d091', 'Rachel', 'm007', 'd091', 'girl', '0', '4', '25', '', '2020-01-15 00:00:00', '2020-01-15 00:00:00'),
('d092', 'Hunter', 'm008', 'd092', 'girl', '2', '4', '23', '', '2020-01-15 00:00:00', '2020-01-15 00:00:00'),
('d093', 'Cheyenne', 'm009', 'd093', 'boy', '17', '1', '24', '', '2020-01-15 00:00:00', '2020-01-15 00:00:00'),
('d094', 'Nerea', 'm010', 'd094', 'girl', '0', '11', '20', '', '2020-01-15 00:00:00', '2020-01-15 00:00:00'),
('d095', 'Oleg', 'm011', 'd095', 'girl', '9', '7', '24', '', '2020-01-15 00:00:00', '2020-01-15 00:00:00'),
('d096', 'Joan', 'm012', 'd096', 'boy', '14', '9', '25', '', '2020-01-15 00:00:00', '2020-01-15 00:00:00'),
('d097', 'Kim', 'm013', 'd097', 'girl', '3', '2', '27', '', '2020-01-15 00:00:00', '2020-01-15 00:00:00'),
('d098', 'Tyler', 'm002', 'd098', 'boy', '4', '4', '20', '', '2020-01-15 00:00:00', '2020-01-15 00:00:00'),
('d099', 'Melinda', 'm003', 'd099', 'boy', '6', '3', '16', '', '2020-01-15 00:00:00', '2020-01-15 00:00:00'),
('d100', 'Holmes', 'm004', 'd100', 'girl', '17', '3', '24', '', '2020-01-15 00:00:00', '2020-01-15 00:00:00'),
('d200', 'Sunnyo', 'm001', 'd200', 'boy', '6', '2', '12', '', '2020-01-20 19:37:00', '2020-01-20 19:37:00');

-- --------------------------------------------------------

--
-- 資料表結構 `marketing`
--

CREATE TABLE `marketing` (
  `mkId` varchar(6) COLLATE utf8mb4_unicode_ci NOT NULL COMMENT '行銷編號',
  `vId` varchar(6) COLLATE utf8mb4_unicode_ci DEFAULT NULL COMMENT '廠商編號',
  `mkName` varchar(20) COLLATE utf8mb4_unicode_ci NOT NULL COMMENT '行銷名稱',
  `mkType` varchar(6) COLLATE utf8mb4_unicode_ci NOT NULL COMMENT '行銷種類',
  `startTime` datetime DEFAULT NULL COMMENT '開始時間',
  `endTime` datetime DEFAULT NULL COMMENT '結束時間',
  `created_at` datetime NOT NULL DEFAULT current_timestamp() COMMENT '新增時間',
  `updated_at` datetime NOT NULL DEFAULT current_timestamp() ON UPDATE current_timestamp() COMMENT '更新時間'
) ENGINE=InnoDB DEFAULT CHARSET=utf8mb4 COLLATE=utf8mb4_unicode_ci;

--
-- 傾印資料表的資料 `marketing`
--

INSERT INTO `marketing` (`mkId`, `vId`, `mkName`, `mkType`, `startTime`, `endTime`, `created_at`, `updated_at`) VALUES
('mk001', 'v001', '推車折扣', 'mkT002', '2020-01-17 00:00:00', '2020-01-30 00:00:00', '2020-01-14 15:54:55', '2020-01-17 15:43:51'),
('mk002', 'v001', '老闆跳樓啦', 'mkT005', '2020-01-22 12:00:00', '2020-02-12 00:00:00', '2020-01-14 13:46:56', '2020-01-17 15:43:58'),
('mk003', 'v001', '周年慶', 'mkT003', '2020-01-17 00:00:00', '2020-03-11 00:00:00', '2020-01-14 15:23:54', '2020-01-17 15:44:00'),
('mk004', 'v001', '春節特賣', 'mkT006', '2020-01-23 00:00:00', '2020-01-30 00:00:00', '2020-01-16 14:19:55', '2020-01-17 15:44:02'),
('mk005', 'v001', '這樣合法嗎', 'mkT002', '2020-01-24 01:01:10', '2020-01-16 01:01:00', '2020-01-15 11:42:59', '2020-01-17 15:44:04'),
('mk012', 'v001', '一月優惠', 'mkT012', '2020-01-01 00:00:00', '2020-01-31 23:59:59', '2020-01-17 09:28:14', '2020-01-17 15:44:06'),
('mk013', 'v001', '二月優惠', 'mkT012', '2020-02-01 00:00:00', '2020-02-29 23:59:59', '2020-01-17 09:28:14', '2020-01-17 15:44:07'),
('mk014', 'v001', '三月優惠', 'mkT012', '2020-03-01 00:00:00', '2020-03-01 23:59:59', '2020-01-17 09:32:49', '2020-01-17 15:44:09'),
('mk015', 'v001', '四月優惠', 'mkT012', '2020-04-01 00:00:00', '2020-04-30 23:59:59', '2020-01-17 09:32:49', '2020-01-17 15:44:11'),
('mk016', 'v001', '五月優惠', 'mkT012', '2020-05-01 00:00:00', '2020-05-31 23:59:59', '2020-01-17 09:32:49', '2020-01-17 15:44:12'),
('mk017', 'v001', '六月優惠', 'mkT012', '2020-06-01 00:00:00', '2020-06-30 23:59:59', '2020-01-17 09:32:49', '2020-01-17 15:44:12'),
('mk018', 'v001', '七月優惠', 'mkT012', '2020-07-01 00:00:00', '2020-07-31 23:59:59', '2020-01-17 09:28:14', '2020-01-17 15:44:15'),
('mk019', 'v001', '八月優惠', 'mkT012', '2020-08-01 00:00:00', '2020-08-31 23:59:59', '2020-01-17 09:28:14', '2020-01-17 15:44:17'),
('mk020', 'v001', '九月優惠', 'mkT012', '2020-09-01 00:00:00', '2020-09-30 23:59:59', '2020-01-17 09:32:49', '2020-01-17 15:44:19'),
('mk021', 'v001', '十月優惠', 'mkT012', '2020-10-01 00:00:00', '2020-10-31 23:59:59', '2020-01-17 09:32:49', '2020-01-17 15:44:21'),
('mk022', 'v001', '十一月優惠', 'mkT012', '2020-11-01 00:00:00', '2020-11-30 23:59:59', '2020-01-17 09:28:14', '2020-01-17 15:44:24'),
('mk023', 'v001', '十二月優惠', 'mkT012', '2020-12-01 00:00:00', '2020-12-31 23:59:59', '2020-01-17 09:28:14', '2020-01-17 15:44:24'),
('mk025', 'v001', '十二月優惠', 'mkT012', '2020-12-01 00:00:00', '2020-12-31 23:59:59', '2020-01-17 09:28:14', '2020-01-17 15:44:24');

-- --------------------------------------------------------

--
-- 資料表結構 `marketing_type`
--

CREATE TABLE `marketing_type` (
  `mtId` varchar(6) COLLATE utf8mb4_unicode_ci NOT NULL COMMENT '優惠編號',
  `mkId` varchar(6) COLLATE utf8mb4_unicode_ci NOT NULL COMMENT '行銷編號',
  `mtName` varchar(20) COLLATE utf8mb4_unicode_ci NOT NULL COMMENT '優惠名稱',
  `mtDiscount%` varchar(3) COLLATE utf8mb4_unicode_ci DEFAULT NULL COMMENT '折扣%數',
  `mtDiscount` varchar(7) COLLATE utf8mb4_unicode_ci DEFAULT NULL COMMENT '折扣金額',
  `pClass` varchar(500) COLLATE utf8mb4_unicode_ci DEFAULT NULL COMMENT '折扣商品種類',
  `created_at` datetime NOT NULL DEFAULT current_timestamp() COMMENT '新增時間',
  `updated_at` datetime NOT NULL DEFAULT current_timestamp() ON UPDATE current_timestamp() COMMENT '更新時間'
) ENGINE=InnoDB DEFAULT CHARSET=utf8mb4 COLLATE=utf8mb4_unicode_ci;

--
-- 傾印資料表的資料 `marketing_type`
--

INSERT INTO `marketing_type` (`mtId`, `mkId`, `mtName`, `mtDiscount%`, `mtDiscount`, `pClass`, `created_at`, `updated_at`) VALUES
('mt001', 'mk004', '全面折扣', '75', '', 'c001', '2020-01-07 10:20:13', '2020-01-15 13:10:58'),
('mt002', 'mk003', '優惠券10%', '90', NULL, 'c005', '2020-01-07 10:21:03', '2020-01-14 14:41:02'),
('mt003', 'mk004', '優惠券折100', NULL, '100', 'c002', '2020-01-07 10:21:34', '2020-01-14 14:41:08'),
('mt005', 'mk002', '全面折扣', '90', '', 'c001', '2020-01-07 10:20:13', '2020-01-15 14:39:54'),
('mt007', 'mk002', '全面折扣', '80', '', 'c001', '2020-01-07 10:20:13', '2020-01-15 18:11:52'),
('mt010', 'mk003', '未定', '10', '', 'c004', '2020-01-15 14:21:45', '2020-01-17 09:51:19'),
('mt011', 'mk004', '1111', '75', '', 'c002', '2020-01-16 17:21:54', '2020-01-17 09:51:23'),
('mt013', 'mk012', '折扣', '90', '', 'c006', '2020-01-17 09:53:14', '2020-01-17 09:53:33'),
('mt014', 'mk012', '折扣', '85', '', 'c007', '2020-01-17 09:56:37', '2020-01-17 09:56:37'),
('mt015', 'mk012', '折扣', '80', '', 'c008', '2020-01-17 09:56:37', '2020-01-17 09:56:37'),
('mt016', 'mk012', '折扣', '70', '', 'c009', '2020-01-17 09:56:37', '2020-01-17 09:56:37'),
('mt017', 'mk012', '折扣', '50', '', 'c010', '2020-01-17 09:56:37', '2020-01-17 09:56:37'),
('mt018', 'mk012', '降價', '', '500', 'c011', '2020-01-17 09:56:37', '2020-01-17 09:56:37'),
('mt019', 'mk012', '降價', '', '300', 'c012', '2020-01-17 09:56:37', '2020-01-17 09:56:37'),
('mt020', 'mk012', '降價', '', '100', 'c013', '2020-01-17 09:56:37', '2020-01-17 09:56:37'),
('mt021', 'mk013', '折扣', '90', '', 'c006', '2020-01-17 09:57:59', '2020-01-17 09:57:59'),
('mt022', 'mk013', '折扣', '85', '', 'c007', '2020-01-17 09:57:59', '2020-01-17 09:57:59'),
('mt023', 'mk013', '折扣', '80', '', 'c008', '2020-01-17 09:57:59', '2020-01-17 09:57:59'),
('mt024', 'mk013', '折扣', '70', '', 'c009', '2020-01-17 09:57:59', '2020-01-17 09:57:59'),
('mt025', 'mk013', '折扣', '50', '', 'c010', '2020-01-17 09:57:59', '2020-01-17 09:57:59'),
('mt026', 'mk013', '降價', '', '500', 'c011', '2020-01-17 09:57:59', '2020-01-17 09:57:59'),
('mt027', 'mk013', '降價', '', '300', 'c012', '2020-01-17 09:57:59', '2020-01-17 09:57:59'),
('mt028', 'mk013', '降價', '', '100', 'c013', '2020-01-17 09:57:59', '2020-01-17 09:57:59'),
('mt029', 'mk014', '折扣', '90', '', 'c014', '2020-01-17 09:59:09', '2020-01-17 10:07:35'),
('mt030', 'mk014', '折扣', '85', '', 'c015', '2020-01-17 09:59:09', '2020-01-17 10:07:40'),
('mt031', 'mk014', '折扣', '80', '', 'c016', '2020-01-17 09:59:09', '2020-01-17 10:07:43'),
('mt032', 'mk014', '折扣', '70', '', 'c017', '2020-01-17 09:59:09', '2020-01-17 10:07:46'),
('mt033', 'mk014', '折扣', '50', '', 'c018', '2020-01-17 09:59:09', '2020-01-17 10:07:49'),
('mt034', 'mk014', '降價', '', '500', 'c019', '2020-01-17 09:59:09', '2020-01-17 10:07:52'),
('mt035', 'mk014', '降價', '', '300', 'c020', '2020-01-17 09:59:09', '2020-01-17 10:07:57'),
('mt036', 'mk014', '降價', '', '100', 'c021', '2020-01-17 09:59:09', '2020-01-17 10:08:05'),
('mt037', 'mk012', '折扣', '90', '', 'c022', '2020-01-17 10:02:18', '2020-01-17 10:08:07'),
('mt038', 'mk015', '折扣', '85', '', 'c023', '2020-01-17 10:02:18', '2020-01-17 10:08:14'),
('mt039', 'mk015', '折扣', '80', '', 'c024', '2020-01-17 10:02:18', '2020-01-17 10:08:17'),
('mt040', 'mk015', '折扣', '70', '', 'c025', '2020-01-17 10:02:18', '2020-01-17 10:08:20'),
('mt041', 'mk015', '折扣', '50', '', 'c026', '2020-01-17 10:02:18', '2020-01-17 10:08:24'),
('mt042', 'mk015', '降價', '', '500', 'c027', '2020-01-17 10:02:18', '2020-01-17 10:08:29'),
('mt043', 'mk015', '降價', '', '300', 'c028', '2020-01-17 10:02:18', '2020-01-17 10:08:32'),
('mt044', 'mk015', '降價', '', '100', 'c029', '2020-01-17 10:02:18', '2020-01-17 10:08:34'),
('mt045', 'mk016', '折扣', '90', '', 'c030', '2020-01-17 10:02:18', '2020-01-17 10:08:37'),
('mt046', 'mk016', '折扣', '85', '', 'c031', '2020-01-17 10:02:18', '2020-01-17 10:08:40'),
('mt047', 'mk016', '折扣', '80', '', 'c032', '2020-01-17 10:02:18', '2020-01-17 10:08:43'),
('mt048', 'mk016', '折扣', '70', '', 'c033', '2020-01-17 10:02:18', '2020-01-17 10:08:45'),
('mt049', 'mk016', '折扣', '50', '', 'c034', '2020-01-17 10:02:18', '2020-01-17 10:08:48'),
('mt050', 'mk016', '降價', '', '500', 'c035', '2020-01-17 10:02:18', '2020-01-17 10:08:50'),
('mt051', 'mk016', '降價', '', '300', 'c036', '2020-01-17 10:02:18', '2020-01-17 10:08:53'),
('mt052', 'mk016', '降價', '', '100', 'c037', '2020-01-17 10:02:18', '2020-01-17 10:08:55'),
('mt053', 'mk017', '折扣', '90', '', 'c038', '2020-01-17 10:19:57', '2020-01-17 10:19:57'),
('mt054', 'mk017', '折扣', '85', '', 'c039', '2020-01-17 10:19:57', '2020-01-17 10:19:57'),
('mt055', 'mk017', '折扣', '80', '', 'c040', '2020-01-17 10:19:57', '2020-01-17 10:19:57'),
('mt056', 'mk017', '折扣', '70', '', 'c041', '2020-01-17 10:19:57', '2020-01-17 10:19:57'),
('mt057', 'mk017', '折扣', '50', '', 'c042', '2020-01-17 10:19:57', '2020-01-17 10:19:57'),
('mt058', 'mk017', '降價', '', '500', 'c043', '2020-01-17 10:19:57', '2020-01-17 10:19:57'),
('mt059', 'mk017', '降價', '', '300', 'c044', '2020-01-17 10:19:57', '2020-01-17 10:19:57'),
('mt060', 'mk017', '降價', '', '100', 'c045', '2020-01-17 10:19:57', '2020-01-17 10:19:57'),
('mt061', 'mk018', '折扣', '90', '', 'c046', '2020-01-17 10:19:57', '2020-01-17 10:19:57'),
('mt062', 'mk018', '折扣', '85', '', 'c047', '2020-01-17 10:19:57', '2020-01-17 10:19:57'),
('mt063', 'mk018', '折扣', '80', '', 'c048', '2020-01-17 10:19:57', '2020-01-17 10:19:57'),
('mt064', 'mk018', '折扣', '70', '', 'c049', '2020-01-17 10:19:57', '2020-01-17 10:19:57'),
('mt065', 'mk018', '折扣', '50', '', 'c050', '2020-01-17 10:19:57', '2020-01-17 10:19:57'),
('mt066', 'mk018', '降價', '', '500', 'c051', '2020-01-17 10:19:57', '2020-01-17 10:19:57'),
('mt067', 'mk018', '降價', '', '300', 'c052', '2020-01-17 10:19:57', '2020-01-17 10:19:57'),
('mt068', 'mk018', '降價', '', '100', 'c053', '2020-01-17 10:19:57', '2020-01-17 10:19:57'),
('mt069', 'mk019', '折扣', '90', '', 'c054', '2020-01-17 10:19:57', '2020-01-17 10:19:57'),
('mt070', 'mk019', '折扣', '85', '', 'c055', '2020-01-17 10:19:57', '2020-01-17 10:19:57'),
('mt071', 'mk019', '折扣', '80', '', 'c056', '2020-01-17 10:19:57', '2020-01-17 10:19:57'),
('mt072', 'mk019', '折扣', '70', '', 'c057', '2020-01-17 10:19:57', '2020-01-17 10:19:57'),
('mt073', 'mk019', '折扣', '50', '', 'c058', '2020-01-17 10:19:57', '2020-01-17 10:19:57'),
('mt074', 'mk019', '降價', '', '500', 'c059', '2020-01-17 10:19:57', '2020-01-17 10:19:57'),
('mt075', 'mk019', '降價', '', '300', 'c060', '2020-01-17 10:19:57', '2020-01-17 10:19:57'),
('mt076', 'mk019', '降價', '', '100', 'c061', '2020-01-17 10:19:57', '2020-01-17 10:19:57'),
('mt077', 'mk020', '折扣', '90', '', 'c062', '2020-01-17 10:19:57', '2020-01-17 10:19:57'),
('mt078', 'mk020', '折扣', '85', '', 'c063', '2020-01-17 10:19:57', '2020-01-17 10:19:57'),
('mt079', 'mk020', '折扣', '80', '', 'c064', '2020-01-17 10:19:57', '2020-01-17 10:19:57'),
('mt080', 'mk020', '折扣', '70', '', 'c065', '2020-01-17 10:19:57', '2020-01-17 10:19:57'),
('mt081', 'mk020', '折扣', '50', '', 'c066', '2020-01-17 10:19:57', '2020-01-17 10:19:57'),
('mt082', 'mk020', '降價', '', '500', 'c067', '2020-01-17 10:19:57', '2020-01-17 10:19:57'),
('mt083', 'mk020', '降價', '', '300', 'c068', '2020-01-17 10:19:57', '2020-01-17 10:19:57'),
('mt084', 'mk020', '降價', '', '100', 'c069', '2020-01-17 10:19:57', '2020-01-17 10:19:57'),
('mt085', 'mk021', '折扣', '90', '', 'c070', '2020-01-17 10:19:57', '2020-01-17 10:19:57'),
('mt086', 'mk021', '折扣', '85', '', 'c071', '2020-01-17 10:19:57', '2020-01-17 10:19:57'),
('mt087', 'mk021', '折扣', '80', '', 'c072', '2020-01-17 10:19:57', '2020-01-17 10:19:57'),
('mt089', 'mk021', '折扣', '70', '', 'c073', '2020-01-17 10:19:57', '2020-01-17 10:19:57'),
('mt090', 'mk021', '折扣', '50', '', 'c074', '2020-01-17 10:19:57', '2020-01-17 10:19:57'),
('mt091', 'mk021', '降價', '', '500', 'c075', '2020-01-17 10:19:57', '2020-01-17 10:19:57'),
('mt092', 'mk021', '降價', '', '300', 'c076', '2020-01-17 10:19:57', '2020-01-17 10:19:57'),
('mt093', 'mk021', '降價', '', '100', 'c077', '2020-01-17 10:19:57', '2020-01-17 10:19:57'),
('mt094', 'mk022', '折扣', '90', '', 'c078', '2020-01-17 10:19:57', '2020-01-17 10:19:57'),
('mt095', 'mk022', '折扣', '85', '', 'c079', '2020-01-17 10:19:57', '2020-01-17 10:19:57'),
('mt096', 'mk022', '折扣', '80', '', 'c080', '2020-01-17 10:19:57', '2020-01-17 10:19:57'),
('mt097', 'mk022', '折扣', '70', '', 'c081', '2020-01-17 10:19:57', '2020-01-17 10:19:57'),
('mt098', 'mk022', '折扣', '50', '', 'c082', '2020-01-17 10:19:57', '2020-01-17 10:19:57'),
('mt099', 'mk022', '降價', '', '500', 'c083', '2020-01-17 10:19:57', '2020-01-17 10:19:57'),
('mt100', 'mk022', '降價', '', '300', 'c084', '2020-01-17 10:19:57', '2020-01-17 10:19:57'),
('mt101', 'mk022', '降價', '', '100', 'c085', '2020-01-17 10:19:57', '2020-01-17 10:19:57'),
('mt102', 'mk023', '折扣', '90', '', 'c086', '2020-01-17 10:19:57', '2020-01-17 10:19:57'),
('mt103', 'mk023', '折扣', '85', '', 'c087', '2020-01-17 10:19:57', '2020-01-17 10:19:57'),
('mt104', 'mk023', '折扣', '80', '', 'c088', '2020-01-17 10:19:57', '2020-01-17 10:19:57'),
('mt105', 'mk023', '折扣', '70', '', 'c089', '2020-01-17 10:19:57', '2020-01-17 10:19:57'),
('mt106', 'mk023', '折扣', '50', '', 'c090', '2020-01-17 10:19:57', '2020-01-17 10:19:57'),
('mt107', 'mk023', '降價', '', '500', 'c091', '2020-01-17 10:19:57', '2020-01-17 10:19:57'),
('mt108', 'mk023', '降價', '', '300', 'c092', '2020-01-17 10:19:57', '2020-01-17 10:19:57'),
('mt109', 'mk023', '降價', '', '100', 'c093', '2020-01-17 10:19:57', '2020-01-17 10:19:57');

-- --------------------------------------------------------

--
-- 資料表結構 `member`
--

CREATE TABLE `member` (
  `mId` varchar(6) COLLATE utf8mb4_unicode_ci NOT NULL COMMENT '會員編號',
  `mName` varchar(20) COLLATE utf8mb4_unicode_ci NOT NULL COMMENT '會員姓名',
  `mAccount` varchar(20) COLLATE utf8mb4_unicode_ci NOT NULL COMMENT '會員帳號',
  `mPassword` varchar(20) COLLATE utf8mb4_unicode_ci NOT NULL COMMENT '會員密碼',
  `mImg` varchar(30) COLLATE utf8mb4_unicode_ci DEFAULT NULL COMMENT '會員頭貼',
  `mGender` varchar(6) COLLATE utf8mb4_unicode_ci DEFAULT NULL COMMENT '會員性別',
  `mBday` date DEFAULT NULL COMMENT '會員生日',
  `mPhone` varchar(15) COLLATE utf8mb4_unicode_ci DEFAULT NULL COMMENT '會員電話',
  `mEmail` varchar(50) COLLATE utf8mb4_unicode_ci NOT NULL COMMENT '會員信箱',
  `mAddress` varchar(50) COLLATE utf8mb4_unicode_ci NOT NULL COMMENT '會員地址',
  `created_at` datetime NOT NULL DEFAULT current_timestamp() COMMENT '新增時間',
  `updated_at` datetime NOT NULL DEFAULT current_timestamp() ON UPDATE current_timestamp() COMMENT '更新時間'
) ENGINE=InnoDB DEFAULT CHARSET=utf8mb4 COLLATE=utf8mb4_unicode_ci;

--
-- 傾印資料表的資料 `member`
--

INSERT INTO `member` (`mId`, `mName`, `mAccount`, `mPassword`, `mImg`, `mGender`, `mBday`, `mPhone`, `mEmail`, `mAddress`, `created_at`, `updated_at`) VALUES
('m001', '王大明', 'wang19881221', 'wang19881221', 'M001', 'male', '1995-09-19', '(09)6210-0138', '19881221@gmail.com', '新北市鶯歌區行政路101號6樓', '2020-01-09 10:10:00', '2020-01-09 10:10:00'),
('m002', '我是慶哥', 'wuwuwu090909', 'wuwuwu090909', 'M002', 'male', '1990-12-06', '(07)4657-1879', '19880909@gmail.com', '新北市鶯歌區行政路101號7樓', '2020-01-10 10:10:00', '2020-01-10 10:10:00'),
('m003', 'Henry', 'a1234567', 'a1234567', 'M003', 'male', '1992-04-22', '(03)4848-6063', 'a1234567@gmail.com', '新北市鶯歌區行政路101號8樓', '2020-01-09 10:10:00', '2020-01-09 10:10:00'),
('m006', 'Gordon', 'b1234568', 'b1234568', 'M006', 'male', '1971-08-27', '(05)5236-1871', 'b1234568@gmail.com', '新北市鶯歌區行政路101號11樓', '2020-01-12 10:10:00', '2020-01-12 10:10:00'),
('m007', 'Gee', 'a1234569', 'a1234569', 'M007', 'male', '1984-08-22', '(03)4487-4369', 'a1234569@gmail.com', '新北市鶯歌區行政路101號12樓', '2020-01-13 10:10:00', '2020-01-13 10:10:00'),
('m008', 'Murray', 'b1234569', 'b1234569', 'M008', 'male', '1973-11-17', '(09)8627-9775', 'b1234569@gmail.com', '新北市鶯歌區行政路101號13樓', '2020-01-14 10:10:00', '2020-01-14 10:10:00'),
('m009', 'Grace', 'a1234570', 'a1234570', 'M009', 'female', '1978-03-05', '(07)3345-7999', 'a1234570@gmail.com', '新北市鶯歌區行政路101號14樓', '2020-01-15 10:10:00', '2020-01-15 10:10:00'),
('m010', 'Pink', 'b1234570', 'b1234570', 'M010', 'female', '2003-06-30', '(06)3824-4335', 'b1234570@gmail.com', '新北市鶯歌區行政路101號15樓', '2020-01-16 10:10:00', '2020-01-16 10:10:00'),
('m011', 'CoolMan', 'a1234571', 'a1234571', 'M011', 'male', '1987-07-02', '(01)5826-4578', 'a1234571@gmail.com', '新北市鶯歌區行政路101號16樓', '2020-01-17 10:10:00', '2020-01-17 10:10:00'),
('m012', 'Queen', 'b1234571', 'b1234571', 'M012', 'female', '1995-09-09', '(02)9980-5900', 'b1234571@gmail.com', '新北市鶯歌區行政路101號17樓', '2020-01-18 10:10:00', '2020-01-18 10:10:00'),
('m013', 'Jax', 'a1234572', 'a1234572', 'M013', 'male', '1997-05-25', '(03)8630-6522', 'a1234572@gmail.com', 'Ap #127-1943 Eu Avenue', '2020-01-19 10:10:00', '2020-01-19 10:10:00'),
('m014', 'Jinx', 'b1234572', 'b1234572', 'M014', 'female', '1999-08-31', '(04)4794-0736', 'b1234572@gmail.com', '8897 Cras Street', '2020-01-20 10:10:00', '2020-01-20 10:10:00'),
('m015', 'Rana', 'PUZ41YRA5VA', 'IFO13DPI5AB', 'M015', 'male', '1999-01-21', '(07)8777-5118', 'aliquam.eu.accumsan@lectusa.net', '533-1407 Tempor St.', '2020-01-15 10:10:00', '2020-01-15 10:10:00'),
('m016', 'Evangeline', 'USJ12CAN5BM', 'RKN01TDO7FD', 'M016', 'male', '2000-07-22', '(04)4779-3296', 'ac@arcuiaculisenim.net', '5596 Felis Rd.', '2020-01-15 10:10:00', '2020-01-15 10:10:00'),
('m017', 'Cora', 'HBC23CST1UZ', 'WFV37SFC7MU', 'M017', 'female', '1999-03-02', '(08)3346-6334', 'et.magnis.dis@tinciduntnunc.co.uk', 'P.O. Box 468, 9769 Nullam St.', '2020-01-15 10:10:00', '2020-01-15 10:10:00'),
('m018', 'Cairo', 'RXD45NBW5UW', 'XVM33KZG1DY', 'M018', 'female', '2001-04-10', '(09)7041-8598', 'nunc@nisiMaurisnulla.edu', 'Ap #777-9317 Justo Rd.', '2020-01-15 10:10:00', '2020-01-15 10:10:00'),
('m019', 'Whitney', 'MRH53TGQ3ZH', 'WWN31IJK1YM', 'M019', 'male', '1974-11-21', '(01)7509-4067', 'ut.odio.vel@elitpretiumet.ca', '518-5875 Ornare. St.', '2020-01-15 10:10:00', '2020-01-15 10:10:00'),
('m020', 'Ciara', 'AUN17HEF9UX', 'KEO03LBO2ED', 'M020', 'female', '2004-06-26', '(05)4204-1545', 'sit.amet@molestiearcu.edu', 'P.O. Box 302, 2846 Eu Avenue', '2020-01-15 10:10:00', '2020-01-15 10:10:00'),
('m021', 'Keiko', 'GIX76NQS2MU', 'MGA34JLM1VA', 'M021', 'male', '1985-12-05', '(02)4817-4038', 'lorem.fringilla@sodales.net', '4207 Nunc Road', '2020-01-15 10:10:00', '2020-01-15 10:10:00'),
('m022', 'Whitney', 'TYZ31XPB6NL', 'GYT43MAW5MY', 'M022', 'female', '1981-05-11', '(04)2914-8485', 'volutpat.Nulla@nibhlacinia.edu', 'P.O. Box 222, 6910 Venenatis Rd.', '2020-01-15 10:10:00', '2020-01-15 10:10:00'),
('m023', 'Dakota', 'DGO71JIP0PB', 'LII91JJN1RS', 'M023', 'male', '1983-07-18', '(04)4979-5713', 'imperdiet@condimentum.ca', '3997 Purus, Av.', '2020-01-15 10:10:00', '2020-01-15 10:10:00'),
('m024', 'Alika', 'XIH67ODQ5RK', 'RZL02DUQ5ZJ', 'M024', 'male', '2005-07-27', '(04)8396-0861', 'tellus@Quisqueornare.ca', 'P.O. Box 825, 1344 Massa Road', '2020-01-15 10:10:00', '2020-01-15 10:10:00'),
('m025', 'Zephania', 'SUD68GVR6IT', 'MBU39MBA0YG', 'M025', 'female', '1975-06-20', '(07)7736-8065', 'metus.In.nec@ornaretortor.com', 'Ap #196-6859 Pede Rd.', '2020-01-15 10:10:00', '2020-01-15 10:10:00'),
('m026', 'Oren', 'QPM67DBV2SA', 'ZZI28TWL5FK', 'M026', 'female', '1992-07-30', '(01)5060-4517', 'tristique.aliquet@nunc.net', 'Ap #163-2126 Auctor Street', '2020-01-15 10:10:00', '2020-01-15 10:10:00'),
('m027', 'Mia', 'MMT02KLS3PG', 'YEF87GXI5WV', 'M027', 'male', '1970-08-11', '(06)4026-5169', 'consequat.dolor@fermentum.com', 'P.O. Box 780, 8089 Sapien, Road', '2020-01-15 10:10:00', '2020-01-15 10:10:00'),
('m028', 'Lillith', 'ARH97EOZ9BH', 'TAP50JTF6NJ', 'M028', 'female', '1991-12-20', '(09)7545-4473', 'Donec.felis.orci@Sed.edu', '776-143 Rhoncus. Av.', '2020-01-15 10:10:00', '2020-01-15 10:10:00'),
('m029', 'Diana', 'INN83SDG2FG', 'QDD09HNE4EN', 'M029', 'female', '1996-08-03', '(06)9824-4848', 'imperdiet@faucibus.ca', '802-3058 Non St.', '2020-01-15 10:10:00', '2020-01-15 10:10:00'),
('m030', 'Abra', 'JHQ78QIP7VE', 'PIH35ESU5ZW', 'M030', 'male', '1978-01-22', '(06)8838-4539', 'In@liberoat.net', '950-2647 Magna. Av.', '2020-01-15 10:10:00', '2020-01-15 10:10:00'),
('m031', 'Xander', 'VNM04TXQ0AD', 'FEY31RJC9EJ', 'M031', 'female', '1988-04-02', '(03)8520-1853', 'magna.Lorem.ipsum@In.ca', '133-3959 Placerat Ave', '2020-01-15 10:10:00', '2020-01-15 10:10:00'),
('m032', 'Megan', 'ARV16MON3CE', 'TNZ14NXI7DJ', 'M032', 'male', '1988-09-30', '(09)3902-0376', 'justo.nec.ante@Donec.net', '6760 Ante St.', '2020-01-15 10:10:00', '2020-01-15 10:10:00'),
('m033', 'Amanda', 'RBN36JAV2NV', 'KMB20IOA2VW', 'M033', 'female', '1999-05-15', '(01)3496-4865', 'a.nunc@Cumsociisnatoque.co.uk', 'P.O. Box 652, 3565 Adipiscing. Rd.', '2020-01-15 10:10:00', '2020-01-15 10:10:00'),
('m034', 'Holmes', 'IQK58ZOE0FJ', 'LFD89VFV2RF', 'M034', 'male', '2004-10-28', '(03)6459-9105', 'non.enim@molestie.com', 'Ap #131-6751 Tristique St.', '2020-01-15 10:10:00', '2020-01-15 10:10:00'),
('m035', 'Amaya', 'XYC63RDJ5XM', 'QNS37PNO4PY', 'M035', 'male', '1996-05-30', '(02)8195-0231', 'Sed.id@fermentum.edu', 'Ap #454-1728 Leo, Rd.', '2020-01-15 10:10:00', '2020-01-15 10:10:00'),
('m036', 'Jonah', 'IZW23ISN1UT', 'LOW36MHF8II', 'M036', 'female', '1982-11-15', '(01)9665-7895', 'ac.fermentum.vel@laciniaat.com', '766-1045 Morbi Street', '2020-01-15 10:10:00', '2020-01-15 10:10:00'),
('m037', 'Wesley', 'LJG34LET5NC', 'ZGB87WQF0CK', 'M037', 'female', '1976-02-18', '(05)4471-6850', 'Morbi.sit.amet@ipsumprimisin.com', 'Ap #440-4363 Pellentesque Avenue', '2020-01-15 10:10:00', '2020-01-15 10:10:00'),
('m038', 'Walter', 'VIK44CMV4WP', 'WRT54LSJ9SP', 'M038', 'male', '2004-07-30', '(08)9363-8952', 'egestas.hendrerit.neque@liberoat.net', 'P.O. Box 203, 9305 Mattis. St.', '2020-01-15 10:10:00', '2020-01-15 10:10:00'),
('m039', 'Cullen', 'ZJE54DEM1JT', 'ZCV32RFH4PP', 'M039', 'female', '1999-01-15', '(04)3051-7137', 'malesuada.fringilla@sagittisNullamvitae.ca', '264-7858 Cras Ave', '2020-01-15 10:10:00', '2020-01-15 10:10:00'),
('m040', 'Stone', 'GQV27IFK9KM', 'QKQ12LGY4LV', 'M040', 'female', '1984-03-25', '(02)3335-5272', 'ligula.Aenean.euismod@nequeNullamut.co.uk', '933-8581 Penatibus Road', '2020-01-15 10:10:00', '2020-01-15 10:10:00'),
('m041', 'Louis', 'OUT75VLF4CL', 'IZT32ALZ5LH', 'M041', 'male', '1983-02-03', '(05)2074-7384', 'et.lacinia@egestas.ca', 'Ap #823-3867 Quis, St.', '2020-01-15 10:10:00', '2020-01-15 10:10:00'),
('m042', 'Dante', 'EZI48KZY2RA', 'MJT06BBS2MU', 'M042', 'female', '2001-12-16', '(04)5988-0975', 'gravida.nunc@Sed.ca', '6682 Rutrum Avenue', '2020-01-15 10:10:00', '2020-01-15 10:10:00'),
('m043', 'Brent', 'CAY70QRS8HM', 'MYT16QDB7KU', 'M043', 'male', '2004-09-01', '(06)8764-1689', 'Donec@blandit.co.uk', '953-3505 Non Avenue', '2020-01-15 10:10:00', '2020-01-15 10:10:00'),
('m044', 'Vincent', 'FJS41QZZ0NB', 'SCB73HPE4PJ', 'M044', 'female', '1970-03-24', '(03)2603-2584', 'Cras@bibendumsed.org', '3094 At St.', '2020-01-15 10:10:00', '2020-01-15 10:10:00'),
('m045', 'Helen', 'XER02DOA6UW', 'GHW69TVZ9AB', 'M045', 'male', '1971-06-18', '(03)7229-0041', 'vehicula.et.rutrum@consectetueradipiscingelit.net', '286-2592 Cum Road', '2020-01-15 10:10:00', '2020-01-15 10:10:00'),
('m046', 'Lillith', 'HOC87XHC3GR', 'GFZ38TWZ0NM', 'M046', 'male', '1990-03-14', '(02)5152-6893', 'gravida.sagittis.Duis@nec.org', '696-9600 Scelerisque Rd.', '2020-01-15 10:10:00', '2020-01-15 10:10:00'),
('m047', 'Remedios', 'BFS89OPO9KM', 'ALN58IEB3BS', 'M047', 'female', '1972-09-09', '(02)6441-2393', 'aliquet@lobortisnisinibh.net', '158 Risus St.', '2020-01-15 10:10:00', '2020-01-15 10:10:00'),
('m048', 'Hilary', 'HSV90XWV0ED', 'ZYV70YLK9NQ', 'M048', 'female', '1994-08-14', '(08)5619-6791', 'tempor.augue.ac@fringillapurusmauris.edu', 'Ap #390-2274 Augue Avenue', '2020-01-15 10:10:00', '2020-01-15 10:10:00'),
('m049', 'Ayanna', 'AFX88NQT9MY', 'MEE13DWY9AE', 'M049', 'male', '1981-01-14', '(05)4055-2894', 'Nunc.mauris@Naminterdum.com', 'Ap #894-2062 Eget Rd.', '2020-01-15 10:10:00', '2020-01-15 10:10:00'),
('m050', 'Lyle', 'XUY12VSS6RK', 'HXL56QGU8SJ', 'M050', 'female', '1982-03-09', '(03)7694-0607', 'velit.eget.laoreet@Fuscealiquet.com', 'Ap #577-3772 Cursus, Rd.', '2020-01-15 10:10:00', '2020-01-15 10:10:00'),
('m051', 'Helen', 'GDK31VUP7VT', 'PUS17ACJ1KW', 'M051', 'female', '1982-09-05', '(06)8177-2096', 'tristique@senectus.ca', '715-1740 Congue, St.', '2020-01-15 10:10:00', '2020-01-15 10:10:00'),
('m052', 'Connor', 'MIF76QNW6OW', 'BRG51QFC0TY', 'M052', 'male', '1980-02-09', '(01)6305-3985', 'vulputate.lacus.Cras@egetmetuseu.net', '113-2309 Vitae, St.', '2020-01-15 10:10:00', '2020-01-15 10:10:00'),
('m053', 'Levi', 'APV66QWA4DR', 'TNW22PJR2GO', 'M053', 'female', '1989-11-01', '(01)9614-0704', 'sollicitudin.adipiscing.ligula@ultricesVivamusrhon', 'Ap #127-1943 Eu Avenue', '2020-01-15 10:10:00', '2020-01-15 10:10:00'),
('m054', 'Calvin', 'MQX81ZGH2ZA', 'IHG99CXK5SH', 'M054', 'male', '1984-05-09', '(03)5873-7638', 'neque.tellus.imperdiet@ligulaconsectetuerrhoncus.o', '8897 Cras Street', '2020-01-15 10:10:00', '2020-01-15 10:10:00'),
('m055', 'Kameko', 'ONZ78TQQ9FX', 'NYC65FNF4GK', 'M055', 'female', '1989-03-22', '(02)5513-1075', 'nisi@consectetueradipiscingelit.com', '6063 Odio St.', '2020-01-15 10:10:00', '2020-01-15 10:10:00'),
('m056', 'Kenyon', 'FIU21ZSF7DJ', 'RAF06QZV6DH', 'M056', 'male', '1998-07-14', '(01)3193-0184', 'mollis.Duis.sit@sedhendrerit.ca', 'Ap #993-793 Donec Street', '2020-01-15 10:10:00', '2020-01-15 10:10:00'),
('m057', 'Odette', 'JCH67YVQ0PM', 'QCQ78WIC4XS', 'M057', 'male', '1975-12-28', '(02)8385-5019', 'Cras.lorem@metusAliquamerat.org', '558-8466 Molestie. St.', '2020-01-15 10:10:00', '2020-01-15 10:10:00'),
('m058', 'Nero', 'LCA66WQU3XL', 'BWZ28UMQ0SW', 'M058', 'female', '2000-10-15', '(08)1800-6953', 'libero.Donec@magnaSuspendissetristique.com', 'Ap #492-4889 Cras Street', '2020-01-15 10:10:00', '2020-01-15 10:10:00'),
('m059', 'Philip', 'SAD52YHC7GR', 'CTP02ITA5JE', 'M059', 'female', '1974-06-24', '(07)9852-3890', 'gravida.non.sollicitudin@nuncrisus.ca', 'P.O. Box 579, 546 Quisque Rd.', '2020-01-15 10:10:00', '2020-01-15 10:10:00'),
('m060', 'Christian', 'WYU14CGZ4ZS', 'IQL03IHW0PQ', 'M060', 'male', '1995-07-28', '(08)6981-9977', 'lorem.eu@acipsum.com', 'Ap #556-8153 In St.', '2020-01-15 10:10:00', '2020-01-15 10:10:00'),
('m061', 'Kuame', 'XIW49EKL8HQ', 'HBD94PRJ6YB', 'M061', 'female', '1991-12-06', '(03)2199-2604', 'eu.dui.Cum@massa.co.uk', '223-7137 Auctor Road', '2020-01-15 10:10:00', '2020-01-15 10:10:00'),
('m062', 'Ivor', 'QJD74OEB1GH', 'HDL22XKA2IR', 'M062', 'female', '2004-12-22', '(03)7364-2575', 'Quisque@elit.net', 'P.O. Box 144, 740 Arcu. Ave', '2020-01-15 10:10:00', '2020-01-15 10:10:00'),
('m063', 'Tanisha', 'BJY95QQD1TB', 'RPX49GAC8IB', 'M063', 'male', '1997-06-12', '(07)9206-9824', 'ac.arcu@lobortisrisus.org', '659-1231 Elit. Av.', '2020-01-15 10:10:00', '2020-01-15 10:10:00'),
('m064', 'Quintessa', 'SMP79JMU0KM', 'ODK84XVU0XZ', 'M064', 'female', '1977-10-22', '(07)5901-1978', 'Donec.non@vulputatemauris.net', 'Ap #127-7526 Augue St.', '2020-01-15 10:10:00', '2020-01-15 10:10:00'),
('m065', 'Carol', 'YAC34WON5HK', 'ENN11YIP4IT', 'M065', 'male', '1996-01-24', '(04)3600-1775', 'lacinia@Cras.ca', '9571 Non, Ave', '2020-01-15 10:10:00', '2020-01-15 10:10:00'),
('m066', 'Boris', 'NVL48OAC1KJ', 'XOA29XYF5KY', 'M066', 'female', '1999-02-14', '(04)7416-6083', 'arcu.et.pede@vitaeodio.net', 'P.O. Box 106, 9200 Elit, St.', '2020-01-15 10:10:00', '2020-01-15 10:10:00'),
('m067', 'Zoe', 'SVB57VQG0QT', 'CXY84HYQ7TC', 'M067', 'male', '1999-12-04', '(02)8524-9178', 'hymenaeos.Mauris.ut@congueelit.co.uk', '776-9211 Leo. Street', '2020-01-15 10:10:00', '2020-01-15 10:10:00'),
('m068', 'Autumn', 'YNM45VWM7RZ', 'GWL99DYI7NH', 'M068', 'male', '1977-12-20', '(03)9763-2113', 'orci@loremipsumsodales.ca', 'P.O. Box 850, 6707 Fusce Avenue', '2020-01-15 10:10:00', '2020-01-15 10:10:00'),
('m069', 'Melodie', 'IUN59ZFA0MG', 'HOO41TOR2LL', 'M069', 'female', '1972-04-25', '(07)3048-1264', 'dui.lectus@sapienmolestieorci.com', 'P.O. Box 921, 4918 Elit, Av.', '2020-01-15 10:10:00', '2020-01-15 10:10:00'),
('m070', 'Chiquita', 'ORR73NPS3UX', 'ZZP88ACH3UK', 'M070', 'male', '1982-05-18', '(06)2549-0416', 'a.nunc.In@convallisestvitae.ca', 'Ap #916-2271 Vulputate, Ave', '2020-01-15 10:10:00', '2020-01-15 10:10:00'),
('m071', 'Isaac', 'HLU42LLY6KJ', 'DZG25BPT4WA', 'M071', 'male', '1991-06-19', '(04)6999-8011', 'consectetuer.mauris@Crasdictumultricies.net', '8012 Velit. Ave', '2020-01-15 10:10:00', '2020-01-15 10:10:00'),
('m072', 'Fitzgerald', 'RBP00GML8XR', 'YTM30MPL3WH', 'M072', 'female', '1987-06-25', '(09)5469-7932', 'porttitor.scelerisque@netuset.net', 'P.O. Box 896, 3384 Elementum, Road', '2020-01-15 10:10:00', '2020-01-15 10:10:00'),
('m073', 'Tana', 'OBI53DWS2DI', 'ZIR19IYO8NM', 'M073', 'male', '1995-11-16', '(03)3475-3226', 'malesuada.ut.sem@nulla.edu', 'Ap #364-1564 Nisi Rd.', '2020-01-15 10:10:00', '2020-01-15 10:10:00'),
('m074', 'Ulysses', 'NUZ79ACR6UO', 'AZL73WFI5EE', 'M074', 'male', '1993-03-03', '(03)1295-7443', 'eget.massa.Suspendisse@eget.edu', 'Ap #708-7021 Aliquam Av.', '2020-01-15 10:10:00', '2020-01-15 10:10:00'),
('m075', 'Sydnee', 'XTV98BKX3KG', 'CLR35UIH5LQ', 'M075', 'female', '1997-12-05', '(06)4740-0964', 'gravida@adipiscingelitAliquam.edu', 'Ap #346-5489 At Rd.', '2020-01-15 10:10:00', '2020-01-15 10:10:00'),
('m076', 'Simon', 'QYK83KVX3HH', 'JVG01JZZ7RG', 'M076', 'female', '1983-02-08', '(04)6659-2849', 'elit@et.net', '2670 Id Rd.', '2020-01-15 10:10:00', '2020-01-15 10:10:00'),
('m077', 'Hamilton', 'ZZO72HHY0SM', 'OKI60ITV7YV', 'M077', 'male', '2004-07-03', '(09)6668-1100', 'aliquet@enimmi.co.uk', 'P.O. Box 900, 7656 Nec, St.', '2020-01-15 10:10:00', '2020-01-15 10:10:00'),
('m078', 'Lunea', 'JHI26LXA5SM', 'ZLG20KXS0YF', 'M078', 'male', '1979-04-10', '(09)4493-2142', 'ac.eleifend@duiquisaccumsan.co.uk', 'P.O. Box 159, 7250 Aliquam St.', '2020-01-15 10:10:00', '2020-01-15 10:10:00'),
('m079', 'Imelda', 'JMC45SFK8QI', 'PYC12SSR9YK', 'M079', 'female', '1986-04-26', '(07)7819-8346', 'eu.ligula@ante.edu', 'P.O. Box 802, 8561 Sed St.', '2020-01-15 10:10:00', '2020-01-15 10:10:00'),
('m080', 'Bert', 'RYW43RGY8ZQ', 'VBI40ANL6FF', 'M080', 'female', '2005-02-16', '(02)5357-0941', 'Etiam@nequeseddictum.co.uk', 'P.O. Box 498, 2761 Lacus St.', '2020-01-15 10:10:00', '2020-01-15 10:10:00'),
('m081', 'Rose', 'GTJ34UQB0PA', 'PNN04FKW6CN', 'M081', 'male', '1976-10-02', '(05)4757-9368', 'amet@nibh.edu', 'P.O. Box 130, 2948 Lectus. Ave', '2020-01-15 10:10:00', '2020-01-15 10:10:00'),
('m082', 'Justine', 'BNI49AZH2KD', 'HUS48QOP1TH', 'M082', 'male', '1975-01-03', '(06)5983-7740', 'dolor.Fusce@lobortisultrices.ca', '8482 Porttitor Ave', '2020-01-15 10:10:00', '2020-01-15 10:10:00'),
('m083', 'Mariko', 'SYM63KYG4KI', 'BYS07USF0RB', 'M083', 'female', '2000-10-06', '(06)2171-7603', 'egestas.hendrerit.neque@blanditviverraDonec.co.uk', 'Ap #235-3158 Integer Ave', '2020-01-15 10:10:00', '2020-01-15 10:10:00'),
('m084', 'Holmes', 'HAX89XOQ9TE', 'OSD63UWU1TW', 'M084', 'male', '1981-11-20', '(08)7560-7464', 'posuere@ipsum.net', 'Ap #215-2547 Mus. Avenue', '2020-01-15 10:10:00', '2020-01-15 10:10:00'),
('m085', 'Carly', 'HUT88CGE4DK', 'PQM01TTL6KY', 'M085', 'female', '1990-07-09', '(06)8118-2910', 'mi.Duis.risus@pharetra.co.uk', '5849 Nec, St.', '2020-01-15 10:10:00', '2020-01-15 10:10:00'),
('m086', 'Jackson', 'ODL40ROK6LS', 'IFM91WMG9KN', 'M086', 'male', '1983-02-23', '(09)3893-2947', 'a@viverraMaecenas.org', '3555 Gravida Rd.', '2020-01-15 10:10:00', '2020-01-15 10:10:00'),
('m087', 'Baker', 'IUN69DOR3CT', 'UWD22BYK8LJ', 'M087', 'female', '1989-12-11', '(04)6882-3621', 'fames@Curabitur.com', '898-5342 Aenean Road', '2020-01-15 10:10:00', '2020-01-15 10:10:00'),
('m088', 'Stephanie', 'ZJX42DTH1VH', 'ERT22WGD4VX', 'M088', 'male', '1999-05-21', '(06)9845-1282', 'a.dui.Cras@pedemalesuadavel.com', '685-8076 Enim Rd.', '2020-01-15 10:10:00', '2020-01-15 10:10:00'),
('m089', 'Jada', 'ZHE41AIG9RB', 'WQD10PXD1SI', 'M089', 'female', '1986-12-06', '(04)2257-0628', 'enim.Suspendisse@utodio.co.uk', 'P.O. Box 743, 9782 Faucibus Av.', '2020-01-15 10:10:00', '2020-01-15 10:10:00'),
('m090', 'Zelenia', 'WUM60NZT9QF', 'EFS59LMZ4NS', 'M090', 'male', '2005-09-17', '(08)3784-1919', 'amet@fames.com', 'Ap #207-4112 Integer St.', '2020-01-15 10:10:00', '2020-01-15 10:10:00'),
('m091', 'Leigh', 'NOO65AGN8ZD', 'LLC52YQK3OG', 'M091', 'female', '1973-11-21', '(05)5233-9394', 'et.arcu@etcommodo.net', '6249 Cum Avenue', '2020-01-15 10:10:00', '2020-01-15 10:10:00'),
('m092', 'Grace', 'AKU81FBC4PL', 'HOU03MYU4LG', 'M092', 'male', '1983-08-12', '(01)6699-1143', 'velit.egestas.lacinia@nonummyut.edu', '7063 At Avenue', '2020-01-15 10:10:00', '2020-01-15 10:10:00'),
('m093', 'Donovan', 'SLO96RRQ9PY', 'EEY17UVB3OZ', 'M093', 'male', '1973-05-31', '(08)2523-4829', 'urna.Ut@porttitorscelerisque.ca', 'Ap #666-2810 Orci, St.', '2020-01-15 10:10:00', '2020-01-15 10:10:00'),
('m094', 'Knox', 'WVU25RDU2FZ', 'YXC66SVX3TY', 'M094', 'male', '1991-02-28', '(03)9786-7997', 'magna@risusat.org', 'Ap #232-3167 Ac Road', '2020-01-15 10:10:00', '2020-01-15 10:10:00'),
('m095', 'Jada', 'MHG08VGY3WK', 'BOG65EXG1RS', 'M095', 'female', '1974-04-03', '(03)6120-0404', 'laoreet@nequepellentesque.org', 'P.O. Box 785, 2885 Pede Ave', '2020-01-15 10:10:00', '2020-01-15 10:10:00'),
('m096', 'Damon', 'IFC67MQA7EJ', 'DBE68JEP2SQ', 'M096', 'male', '2005-01-19', '(04)4988-5474', 'elit@amagnaLorem.ca', 'P.O. Box 367, 896 Curae; Avenue', '2020-01-15 10:10:00', '2020-01-15 10:10:00'),
('m097', 'Blaze', 'BID00ASH6AU', 'VGH71VBE4SN', 'M097', 'female', '1984-12-01', '(05)8651-0991', 'In.mi.pede@augue.org', 'Ap #153-8333 Arcu. St.', '2020-01-15 10:10:00', '2020-01-15 10:10:00'),
('m098', 'Miriam', 'RXP37TNI6DB', 'YRJ16IMZ7BM', 'M098', 'male', '1980-04-28', '(01)7188-6605', 'sagittis@fames.ca', 'Ap #199-1840 Vestibulum Road', '2020-01-15 10:10:00', '2020-01-15 10:10:00'),
('m099', 'Octavia', 'PET75YVN2HZ', 'TIC41MSU8GV', 'M099', 'male', '1998-12-18', '(05)5771-0690', 'ante@Mauris.net', 'Ap #828-1421 Non Street', '2020-01-15 10:10:00', '2020-01-15 10:10:00'),
('m100', 'Kane', 'AJT27BTM5BF', 'PEC37XMR8HY', 'M100', 'male', '1989-07-22', '(05)7118-7060', 'eu.tellus.Phasellus@acnullaIn.co.uk', '857-2941 Lectus Rd.', '2020-01-15 10:10:00', '2020-01-15 10:10:00'),
('m101', 'Bo', 'MBC05GAL6UG', 'GAF59SLU5HJ', 'M101', 'female', '2000-06-04', '(04)4779-3296', 'dui@diamnuncullamcorper.com', 'Ap #896-2508 Vivamus Rd.', '2020-01-15 10:10:00', '2020-01-15 10:10:00'),
('m102', 'Ciara', 'CGB75RZW3IS', 'ALU78BWQ9YE', 'M102', 'male', '1970-05-14', '(08)3346-6334', 'consectetuer@Duisgravida.org', 'Ap #723-1057 Malesuada Street', '2020-01-15 10:10:00', '2020-01-15 10:10:00'),
('m103', 'Emerson', 'BED67MBT7AO', 'VWM50MMI4NA', 'M103', 'female', '1985-08-07', '(09)7041-8598', 'mi@Maurisvelturpis.edu', 'P.O. Box 287, 3592 Eget Av.', '2020-01-15 10:10:00', '2020-01-15 10:10:00'),
('m104', 'Reuben', 'CKR90ENZ3LQ', 'HSJ09CGG5WV', 'M104', 'female', '1985-06-27', '(01)7509-4067', 'dui@molestieintempus.org', '180-3471 Lorem Avenue', '2020-01-15 10:10:00', '2020-01-15 10:10:00'),
('m105', 'Philip', 'HBB56NWF4UX', 'SDM94GQO6JC', 'M105', 'female', '1997-02-03', '(05)4204-1545', 'ullamcorper.Duis@pharetraut.org', '296-2415 Erat Road', '2020-01-15 10:10:00', '2020-01-15 10:10:00'),
('m106', 'Octavius', 'WNY13EBP5ZU', 'MRO90APP7XG', 'M106', 'male', '1976-11-17', '(02)4817-4038', 'facilisis.facilisis@tinciduntcongue.org', '2832 Ut, Ave', '2020-01-15 10:10:00', '2020-01-15 10:10:00'),
('m107', 'Stephen', 'LEJ93WTL3ON', 'BUO75ZOC8TA', 'M107', 'female', '1992-07-21', '(04)2914-8485', 'amet.dapibus.id@liberoIntegerin.net', 'Ap #884-5760 Blandit. Rd.', '2020-01-15 10:10:00', '2020-01-15 10:10:00'),
('m108', 'Suki', 'SDA95HGA1WF', 'ZUA77VLH3LY', 'M108', 'female', '1972-04-26', '(04)4979-5713', 'tempus.scelerisque.lorem@adlitora.co.uk', '153-8340 Dictum. Rd.', '2020-01-15 10:10:00', '2020-01-15 10:10:00'),
('m109', 'Sierra', 'AUW26RNU3ZD', 'NCD00KCA2JP', 'M109', 'male', '1993-05-24', '(04)8396-0861', 'Donec.est@senectuset.ca', '2043 Tincidunt Rd.', '2020-01-15 10:10:00', '2020-01-15 10:10:00'),
('m111', 'Kitra', 'LMO07XPH7SJ', 'BKP61HAR7SC', 'M111', 'female', '1986-03-30', '(01)5060-4517', 'et.malesuada@posuereatvelit.com', '5232 Velit Rd.', '2020-01-15 10:10:00', '2020-01-15 10:10:00'),
('m112', 'Amber', 'TNP32LVM6CE', 'UZO68PGQ2UF', 'M112', 'male', '1984-09-02', '(06)4026-5169', 'ac.arcu@feugiatnecdiam.org', '158-2947 Facilisis, Street', '2020-01-15 10:10:00', '2020-01-15 10:10:00'),
('m180', '雷侯', 'mmaasl', 'mmaasl', 'm180', 'male', '1991-11-22', '0913222333', 'mmaasl@gmail.com', '高雄市801前金區行政路', '2020-01-20 14:23:31', '2020-01-20 14:23:31'),
('m219', '痘痘', 'test1234', 'test1234', 'm219', 'male', '2020-01-06', '9198812251', '0913222333@gmail.com', '台北市106大安區復興南路390號', '2020-01-20 19:52:47', '2020-01-20 20:05:43');

-- --------------------------------------------------------

--
-- 資料表結構 `news`
--

CREATE TABLE `news` (
  `newsId` int(20) NOT NULL,
  `newsName` varchar(50) CHARACTER SET utf8mb4 COLLATE utf8mb4_unicode_ci NOT NULL,
  `newsType` varchar(20) CHARACTER SET utf8mb4 COLLATE utf8mb4_unicode_ci NOT NULL,
  `newsTime` varchar(50) NOT NULL,
  `newsLocation` varchar(50) CHARACTER SET utf8mb4 COLLATE utf8mb4_unicode_ci NOT NULL,
  `newsDescription` varchar(1000) CHARACTER SET utf8mb4 COLLATE utf8mb4_unicode_ci NOT NULL,
  `created_at` datetime NOT NULL DEFAULT current_timestamp(),
  `updated_at` datetime NOT NULL DEFAULT current_timestamp() ON UPDATE current_timestamp()
) ENGINE=InnoDB DEFAULT CHARSET=utf8mb4;

--
-- 傾印資料表的資料 `news`
--

INSERT INTO `news` (`newsId`, `newsName`, `newsType`, `newsTime`, `newsLocation`, `newsDescription`, `created_at`, `updated_at`) VALUES
(12, '基礎正向行為養成班／輕鬆打造快樂狗人生', '講座', '2020-05-26 ', '小川堂 Rainbow Bridge（台北市中山區民權東路三段60巷14號）', '預防重於治療，小川堂這次特地邀請專業獸醫師來聊聊關於毛孩的健康檢查，透過她多年執業經驗的分享，讓毛孩家長們能更了解健檢的相關知識。', '2020-01-16 16:13:29', '2020-01-16 16:18:03'),
(13, '毛孩小教室～健康態度看健檢', '講座', '2020-06-01 ~ 2020-06-02', '小川堂 Rainbow Bridge（台北市中山區民權東路三段60巷14號）', '預防重於治療，小川堂這次特地邀請專業獸醫師來聊聊關於毛孩的健康檢查，透過她多年執業經驗的分享，讓毛孩家長們能更了解健檢的相關知識。', '2020-01-16 16:17:40', '2020-01-16 16:17:53'),
(14, '2020愛寵講座｜夏季常見皮膚問題與外寄生蟲預防(台北)', '講座', ' 2020-07-28', '全國動物醫院－台北分院3F會議室（台北市內湖區舊宗路一段30巷13號3F）', '悶熱的夏季來臨，是否發現家裡狗狗、貓咪開始東抓抓、西抓抓呢？ 是什麼原因令人這麼困擾？相信網路不如相信專業，讓我們來聽聽獸醫師怎麼說！', '2020-01-16 16:22:12', '2020-01-16 16:25:08'),
(15, '2020愛寵講座｜夏季常見皮膚問題與外寄生蟲預防(台中)', '講座', '2020-05-12', '全國動物事業群－總部七樓會議室（台中市西區五權一街11號7樓）', '悶熱的夏季來臨，是否發現家裡狗狗、貓咪開始東抓抓、西抓抓呢？ 是什麼原因令人這麼困擾？相信網路不如相信專業，讓我們來聽聽獸醫師怎麼說！', '2020-01-16 16:23:22', '2020-01-16 16:25:02'),
(16, '2020愛寵講座｜夏季常見皮膚問題與外寄生蟲預防(台南)', '講座', ' 2020-06-23', '寶羅寵品-台南五期店（台南市中華西路一段310號）', '悶熱的夏季來臨，是否發現家裡狗狗、貓咪開始東抓抓、西抓抓呢？ 是什麼原因令人這麼困擾？相信網路不如相信專業，讓我們來聽聽獸醫師怎麼說！', '2020-01-16 16:24:10', '2020-01-16 16:24:56'),
(17, '毛小孩讀心術', '講座', '2020-09-09', '台南市中西區衛民街67號之1(藏風藝文咖啡)', '身為毛小孩爸媽，您總是有看到、有聽到，但沒看懂、沒聽懂嗎？ \"毛小孩讀心術\" 教您看懂、聽懂毛小孩，成為毛孩心中最全懂他的爸媽，親子關係甜蜜加溫法大公開。', '2020-01-16 16:34:59', '2020-01-17 09:53:14');

-- --------------------------------------------------------

--
-- 資料表結構 `payment_type`
--

CREATE TABLE `payment_type` (
  `paymentTypeId` int(11) NOT NULL COMMENT '流水號',
  `paymentTypeName` varchar(100) COLLATE utf8mb4_unicode_ci NOT NULL COMMENT '付款方式名稱',
  `paymentTypeImg` varchar(100) COLLATE utf8mb4_unicode_ci NOT NULL COMMENT '付款方式圖片',
  `created_at` datetime NOT NULL DEFAULT current_timestamp() COMMENT '新增時間',
  `updated_at` datetime NOT NULL DEFAULT current_timestamp() ON UPDATE current_timestamp() COMMENT '更新時間'
) ENGINE=InnoDB DEFAULT CHARSET=utf8mb4 COLLATE=utf8mb4_unicode_ci;

-- --------------------------------------------------------

--
-- 資料表結構 `product`
--

CREATE TABLE `product` (
  `pId` int(11) NOT NULL COMMENT '商品編號',
  `pName` varchar(50) COLLATE utf8mb4_unicode_ci NOT NULL COMMENT '商品名稱',
  `pCategoryId` int(11) NOT NULL COMMENT '商品類別編號',
  `pPrice` int(6) NOT NULL COMMENT '商品價格',
  `pDiscount` int(3) NOT NULL COMMENT '商品折扣',
  `pQuantity` tinyint(3) NOT NULL COMMENT '商品數量',
  `pImg` varchar(30) COLLATE utf8mb4_unicode_ci DEFAULT NULL COMMENT '商品圖片',
  `pInfo` varchar(200) COLLATE utf8mb4_unicode_ci NOT NULL COMMENT '商品描述',
  `vId` varchar(6) COLLATE utf8mb4_unicode_ci NOT NULL COMMENT '廠商編號',
  `created_at` datetime NOT NULL DEFAULT current_timestamp() COMMENT '新增時間',
  `updated_at` datetime NOT NULL DEFAULT current_timestamp() ON UPDATE current_timestamp() COMMENT '更新時間'
) ENGINE=InnoDB DEFAULT CHARSET=utf8mb4 COLLATE=utf8mb4_unicode_ci;

--
-- 傾印資料表的資料 `product`
--

INSERT INTO `product` (`pId`, `pName`, `pCategoryId`, `pPrice`, `pDiscount`, `pQuantity`, `pImg`, `pInfo`, `vId`, `created_at`, `updated_at`) VALUES
(83, '希爾思™寵物食品 小型及迷你成犬', 1, 538, 0, 10, 'product_20200120113038.png', '1.5KG', 'v007', '2020-01-20 11:20:16', '2020-01-20 11:30:37'),
(84, '希爾思™寵物食品 小型及迷你成犬', 1, 1844, 0, 10, 'product_20200120113048.png', '15.5LB', 'v007', '2020-01-20 11:20:16', '2020-01-20 11:30:48'),
(85, '希爾思™寵物食品 幼犬 雞肉與大麥特調食譜', 1, 743, 0, 10, 'product_20200120113055.png', '3KG', 'v007', '2020-01-20 11:20:16', '2020-01-20 11:30:54'),
(86, '希爾思™寵物食品 幼犬 雞肉與大麥特調食譜', 1, 1716, 0, 10, 'product_20200120113101.png', '15.5LB', 'v007', '2020-01-20 11:20:16', '2020-01-20 11:31:01'),
(87, '希爾思™寵物食品 成犬 低卡 小顆粒', 1, 538, 0, 10, 'product_20200120113108.png', '1.5KG', 'v007', '2020-01-20 11:20:16', '2020-01-20 11:31:07'),
(88, '希爾思™寵物食品 成犬 低卡 小顆粒', 1, 2689, 0, 10, 'product_20200120113116.png', '12KG', 'v007', '2020-01-20 11:20:16', '2020-01-20 11:31:15'),
(89, '希爾思™寵物食品 幼犬 小顆粒 雞肉與大麥特調食譜', 1, 538, 0, 10, 'product_20200120113125.png', '3KG', 'v007', '2020-01-20 11:20:16', '2020-01-20 11:31:24'),
(90, '希爾思™寵物食品 幼犬 小顆粒 雞肉與大麥特調食譜', 1, 1716, 0, 10, 'product_20200120113135.png', '15.5LB', 'v007', '2020-01-20 11:20:16', '2020-01-20 11:31:35'),
(91, '希爾思™寵物食品 幼犬 小顆粒 雞肉與大麥特調食譜', 1, 2484, 0, 10, 'product_20200120113145.png', '12KG', 'v007', '2020-01-20 11:20:16', '2020-01-20 11:31:45'),
(92, 'CANIDAE 卡比 | 無穀主食罐 - 雞肉+鮪魚 | 70g', 4, 70, 0, 10, 'product_20200120113153.png', ' ◆ 新鮮雞肉搭配鮮美鮪魚多汁美味 \r\n ◆ 海陸組合營養加倍', 'v021', '2020-01-20 11:20:16', '2020-01-20 11:31:53'),
(93, 'CANIDAE 卡比 | 無穀主食罐 - 雞肉+鮪魚 | 156g', 4, 110, 0, 10, NULL, ' ◆ 新鮮雞肉搭配鮮美鮪魚多汁美味 \n ◆ 海陸組合營養加倍', 'v021', '2020-01-20 11:20:16', '2020-01-20 11:20:16'),
(94, 'CANIDAE 卡比 | 無穀主食罐 - 牛肉+雞肉+蔬菜 | 70g', 4, 70, 0, 10, NULL, ' ◆ 新鮮牛肉與雞肉燉煮而成，鮮嫩營養\n ◆ 佐以新鮮蔬菜補充維生素及纖維質', 'v021', '2020-01-20 11:20:16', '2020-01-20 11:20:16'),
(95, 'CANIDAE 卡比 | 無穀主食罐 - 牛肉+雞肉+蔬菜 | 156g', 4, 110, 0, 10, NULL, ' ◆ 新鮮牛肉與雞肉燉煮而成，鮮嫩營養\n ◆ 佐以新鮮蔬菜補充維生素及纖維質', 'v021', '2020-01-20 11:20:16', '2020-01-20 11:20:16'),
(96, 'CANIDAE 卡比 | 無穀主食罐 - 雞肉+牛肉+甜薯+四季豆 | 70g', 4, 70, 0, 10, NULL, ' ◆ 新鮮牛肉與雞肉燉煮而成，鮮嫩營養\n ◆ 佐以新鮮蔬菜補充維生素及纖維質 ', 'v021', '2020-01-20 11:20:16', '2020-01-20 11:20:16'),
(97, 'CANIDAE 卡比 | 無穀主食罐 - 雞肉+牛肉+甜薯+四季豆 | 156g', 4, 110, 0, 10, NULL, ' ◆ 新鮮牛肉與雞肉燉煮而成，鮮嫩營養\n ◆ 佐以新鮮蔬菜補充維生素及纖維質', 'v021', '2020-01-20 11:20:16', '2020-01-20 11:20:16'),
(98, 'Lintbells YuDIGEST Dog犬樂寶 120錠', 3, 1880, 0, 10, NULL, '腸胃敏感犬隻的日常支持\nYuDIGEST Dog犬樂寶為每日服用之複合益生菌/益菌生配方，用以維持犬隻消化系統的自然平衡，幫助狗狗腸胃健康。\n\n支持消化系統健康\n維持大便有型\n減緩過度脹氣', 'v019', '2020-01-20 11:20:16', '2020-01-20 11:20:16'),
(99, 'Lintbells YuDIGEST Dog犬樂寶口嚼錠 小型犬 30錠', 3, 1050, 0, 10, NULL, '此為英國原廠新研發之商品，專門給「不願意吃錠劑」的狗狗設計\n將劑量濃縮到一個小塊的零食裡。\n每天只要吃一塊，就可以了餵食上變得更方便！\n\nYuDIGEST Chewies是一種每日益生菌/益生元復合物，用於支持犬消化系統的自然平衡。它們非常適合消化敏感的狗。\n\n美味的一天咀嚼\n補充好細菌\n抑制壞細菌\n支持消化系統健康', 'v019', '2020-01-20 11:20:16', '2020-01-20 11:20:16'),
(100, 'Lintbells YuDIGEST Dog犬樂寶口嚼錠 中型犬 30錠', 3, 1350, 0, 10, NULL, '此為英國原廠新研發之商品，專門給「不願意吃錠劑」的狗狗設計\n將劑量濃縮到一個小塊的零食裡。\n每天只要吃一塊，就可以了餵食上變得更方便！\n\nYuDIGEST Chewies是一種每日益生菌/益生元復合物，用於支持犬消化系統的自然平衡。它們非常適合消化敏感的狗。\n\n美味的一天咀嚼\n補充好細菌\n抑制壞細菌\n支持消化系統健康', 'v019', '2020-01-20 11:20:16', '2020-01-20 11:20:16'),
(101, 'Lintbells YuDIGEST Dog犬樂寶口嚼錠 大型犬 30錠', 3, 1650, 0, 10, NULL, '此為英國原廠新研發之商品，專門給「不願意吃錠劑」的狗狗設計\n將劑量濃縮到一個小塊的零食裡。\n每天只要吃一塊，就可以了餵食上變得更方便！\n\nYuDIGEST Chewies是一種每日益生菌/益生元復合物，用於支持犬消化系統的自然平衡。它們非常適合消化敏感的狗。\n\n美味的一天咀嚼\n補充好細菌\n抑制壞細菌\n支持消化系統健康', 'v019', '2020-01-20 11:20:16', '2020-01-20 11:20:16'),
(102, '\nFurhaven小矯形沙發床(咖啡)', 8, 600, 0, 10, NULL, '產品尺寸: 50.8 x 38.1 x 7.62 cm\n運送貨物重量：0.27 kg', 'v008', '2020-01-20 11:20:16', '2020-01-20 11:20:16'),
(103, '\nFurhaven中矯形沙發床(咖啡)', 8, 900, 0, 10, NULL, '產品尺寸: 76.2 x 50.8 x 7.62 cm\n運送貨物重量：0.95 kg', 'v008', '2020-01-20 11:20:16', '2020-01-20 11:20:16'),
(104, '\nFurhaven大矯形沙發床(咖啡)', 8, 1200, 0, 10, NULL, '產品尺寸: 91.44 x 66.58 x 7.62 cm\n運送貨物重量：1.36 kg', 'v008', '2020-01-20 11:20:17', '2020-01-20 11:20:17'),
(105, '\nFurhaven特大矯形沙發床(咖啡)', 8, 1500, 0, 10, NULL, '產品尺寸: 111.76 x 88.9 x 10.16 cm\n運送貨物重量：2.45 kg', 'v008', '2020-01-20 11:20:17', '2020-01-20 11:20:17'),
(106, '\nFurhaven特特大矯形沙發床(咖啡)', 8, 3000, 0, 10, NULL, '產品尺寸: 134.62 x 106.68 x 12.7 cm\n運送貨物重量：6.26 kg', 'v008', '2020-01-20 11:20:17', '2020-01-20 11:20:17'),
(107, 'pidan 漏食球系列 - 波普球 質感灰', 6, 300, 0, 10, NULL, '★適用於小型犬、中型犬\n★優選TPU軟膠材質製成 耐撕咬\n★輕鬆掰開 可放進狗糧或零食', 'v028', '2020-01-20 11:20:17', '2020-01-20 11:20:17'),
(108, 'pidan 漏食球系列 - 波普球 風火紅', 6, 300, 0, 10, NULL, '★適用於小型犬、中型犬\n★優選TPU軟膠材質製成 耐撕咬\n★輕鬆掰開 可放進狗糧或零食', 'v028', '2020-01-20 11:20:17', '2020-01-20 11:20:17'),
(109, 'pidan 漏食球系列 - 波普球 深邃藍', 6, 300, 0, 10, NULL, '★適用於小型犬、中型犬\n★優選TPU軟膠材質製成 耐撕咬\n★輕鬆掰開 可放進狗糧或零食', 'v028', '2020-01-20 11:20:17', '2020-01-20 11:20:17'),
(110, 'EZYDOG終極胸背帶(紅)', 11, 1200, 0, 10, NULL, '馬鞍式的都會型多功能胸背帶', 'v001', '2020-01-20 11:20:17', '2020-01-20 11:20:17'),
(111, 'EZYDOG 終極胸背帶配件-馬鞍背包(黑)', 11, 1200, 0, 10, NULL, '秒穿胸背帶', 'v001', '2020-01-20 11:20:17', '2020-01-20 11:20:17'),
(119, '', 1, 0, 0, 0, NULL, '', '', '2020-01-20 20:04:36', '2020-01-20 20:04:36'),
(120, '', 1, 0, 0, 0, NULL, '', '', '2020-01-20 20:04:36', '2020-01-20 20:04:36'),
(121, '', 1, 0, 0, 0, NULL, '', '', '2020-01-20 20:04:36', '2020-01-20 20:04:36'),
(122, '', 1, 0, 0, 0, 'product_20200120200705.png', '', '', '2020-01-20 20:07:05', '2020-01-20 20:07:05'),
(123, 'sad', 1, 0, 0, 0, 'product_20200120200757.png', '', '', '2020-01-20 20:07:57', '2020-01-20 20:07:57');

-- --------------------------------------------------------

--
-- 資料表結構 `service_apply`
--

CREATE TABLE `service_apply` (
  `id` int(11) NOT NULL COMMENT 'id',
  `sId` varchar(6) COLLATE utf8mb4_unicode_ci NOT NULL COMMENT '會員編號(等同mId)',
  `sTypeId` varchar(20) COLLATE utf8mb4_unicode_ci NOT NULL COMMENT '申請業者類別',
  `sApplyInfo` text COLLATE utf8mb4_unicode_ci DEFAULT NULL COMMENT '申請說明',
  `status` varchar(1) COLLATE utf8mb4_unicode_ci NOT NULL COMMENT '申請狀態',
  `created_at` datetime DEFAULT current_timestamp() COMMENT '新增時間',
  `updated_at` datetime DEFAULT current_timestamp() ON UPDATE current_timestamp() COMMENT '修改時間'
) ENGINE=InnoDB DEFAULT CHARSET=utf8mb4 COLLATE=utf8mb4_unicode_ci;

-- --------------------------------------------------------

--
-- 資料表結構 `service_info`
--

CREATE TABLE `service_info` (
  `id` int(11) NOT NULL COMMENT 'id',
  `sId` varchar(6) COLLATE utf8mb4_unicode_ci NOT NULL COMMENT '會員編號(等同mId)',
  `sName` varchar(20) COLLATE utf8mb4_unicode_ci NOT NULL COMMENT '業者姓名',
  `sPhone` varchar(15) COLLATE utf8mb4_unicode_ci NOT NULL COMMENT '業者電話',
  `sEmail` varchar(50) COLLATE utf8mb4_unicode_ci NOT NULL COMMENT '業者信箱',
  `sAbout` text COLLATE utf8mb4_unicode_ci NOT NULL COMMENT '關於',
  `sServiceIntro` text COLLATE utf8mb4_unicode_ci NOT NULL COMMENT '服務說明',
  `sYear` int(2) NOT NULL COMMENT '服務年數',
  `sMonth` int(2) NOT NULL COMMENT '服務月數',
  `sNickname` varchar(20) COLLATE utf8mb4_unicode_ci NOT NULL COMMENT '暱稱',
  `sCity` varchar(10) COLLATE utf8mb4_unicode_ci DEFAULT NULL COMMENT '縣市',
  `sDist` varchar(10) COLLATE utf8mb4_unicode_ci DEFAULT NULL COMMENT '區域',
  `sAddr` varchar(50) COLLATE utf8mb4_unicode_ci NOT NULL COMMENT '地址',
  `isBargain` varchar(1) COLLATE utf8mb4_unicode_ci NOT NULL DEFAULT 'N' COMMENT '是否接受議價',
  `sTypeId` varchar(20) COLLATE utf8mb4_unicode_ci DEFAULT NULL COMMENT '業者類別',
  `sListId` varchar(20) COLLATE utf8mb4_unicode_ci DEFAULT NULL COMMENT '服務代號',
  `sPayId` varchar(20) COLLATE utf8mb4_unicode_ci DEFAULT NULL COMMENT '付款方式',
  `created_at` datetime DEFAULT current_timestamp() COMMENT '新增時間',
  `updated_at` datetime DEFAULT current_timestamp() ON UPDATE current_timestamp() COMMENT '更新時間'
) ENGINE=InnoDB DEFAULT CHARSET=utf8mb4 COLLATE=utf8mb4_unicode_ci;

--
-- 傾印資料表的資料 `service_info`
--

INSERT INTO `service_info` (`id`, `sId`, `sName`, `sPhone`, `sEmail`, `sAbout`, `sServiceIntro`, `sYear`, `sMonth`, `sNickname`, `sCity`, `sDist`, `sAddr`, `isBargain`, `sTypeId`, `sListId`, `sPayId`, `created_at`, `updated_at`) VALUES
(7, 'm009', 'Grace', '(07)3345-7999', 'a1234570@gmail.com', '關於我', '服務說明', 5, 1, 'Grace', NULL, NULL, '新北市鶯歌區行政路101號12樓', 'N', NULL, NULL, NULL, '2020-01-17 00:00:00', '2020-01-19 22:48:26'),
(8, 'm010', 'Pink', '(06)3824-4335', 'b1234570@gmail.com', '關於我', '服務說明', 6, 4, 'Pink', NULL, NULL, '新北市鶯歌區行政路101號13樓', 'Y', NULL, NULL, NULL, '2020-01-17 00:00:00', '2020-01-19 15:08:43'),
(9, 'm011', 'CoolMan', '(01)5826-4578', 'a1234571@gmail.com', '關於我', '服務說明', 3, 0, 'CoolMan', NULL, NULL, '新北市鶯歌區行政路101號14樓', 'Y', NULL, NULL, NULL, '2020-01-17 00:00:00', '2020-01-19 15:08:43'),
(10, 'm012', 'Queen', '(02)9980-5900', 'b1234571@gmail.com', '關於我', '服務說明', 5, 3, 'Queen', NULL, NULL, '新北市鶯歌區行政路101號15樓', 'N', NULL, NULL, NULL, '2020-01-17 00:00:00', '2020-01-19 15:08:43'),
(12, 'm014', 'Jinx', '(04)4794-0736', 'b1234572@gmail.com', '關於我', '服務說明', 2, 9, 'Jinx', NULL, NULL, '新北市鶯歌區行政路101號17樓', 'N', NULL, NULL, NULL, '2020-01-17 00:00:00', '2020-01-19 15:08:43'),
(13, 'm015', 'Rana', '(07)8777-5118', 'aliquam.eu.accumsan@lectusa.net', '關於我', '服務說明', 8, 8, 'Rana', NULL, NULL, '新北市鶯歌區行政路101號18樓', 'Y', NULL, NULL, NULL, '2020-01-17 00:00:00', '2020-01-19 15:08:43'),
(14, 'm016', 'Evangeline', '(04)4779-3296', 'ac@arcuiaculisenim.net', '關於我', '服務說明', 6, 6, 'Evangeline', NULL, NULL, '新北市鶯歌區行政路101號19樓', 'N', NULL, NULL, NULL, '2020-01-17 00:00:00', '2020-01-19 15:08:43'),
(15, 'm017', 'Cora', '(08)3346-6334', 'et.magnis.dis@tinciduntnunc.co.uk', '關於我', '服務說明', 1, 0, 'Cora', NULL, NULL, '新北市鶯歌區行政路101號20樓', 'Y', NULL, NULL, NULL, '2020-01-17 00:00:00', '2020-01-19 15:08:43'),
(16, 'm018', 'Cairo', '(09)7041-8598', 'nunc@nisiMaurisnulla.edu', '關於我', '服務說明', 9, 11, 'Cairo', NULL, NULL, '新北市鶯歌區行政路101號21樓', 'N', NULL, NULL, NULL, '2020-01-17 00:00:00', '2020-01-19 15:08:43'),
(17, 'm019', 'Whitney', '(01)7509-4067', 'ut.odio.vel@elitpretiumet.ca', '關於我', '服務說明', 6, 9, 'Whitney', NULL, NULL, '新北市鶯歌區行政路101號22樓', 'Y', NULL, NULL, NULL, '2020-01-17 00:00:00', '2020-01-19 15:08:43'),
(18, 'm020', 'Ciara', '(05)4204-1545', 'sit.amet@molestiearcu.edu', '關於我', '服務說明', 7, 0, 'Ciara', NULL, NULL, '新北市鶯歌區行政路101號23樓', 'N', NULL, NULL, NULL, '2020-01-17 00:00:00', '2020-01-19 15:08:43'),
(19, 'm021', 'Keiko', '(02)4817-4038', 'lorem.fringilla@sodales.net', '關於我', '服務說明', 3, 3, 'Keiko', NULL, NULL, '新北市鶯歌區行政路101號24樓', 'Y', NULL, NULL, NULL, '2020-01-17 00:00:00', '2020-01-19 15:08:43'),
(20, 'm022', 'Whitney', '(04)2914-8485', 'volutpat.Nulla@nibhlacinia.edu', '關於我', '服務說明', 1, 2, 'Whitney', NULL, NULL, '新北市鶯歌區行政路101號25樓', 'N', NULL, NULL, NULL, '2020-01-17 00:00:00', '2020-01-19 15:08:43'),
(21, 'm023', 'Dakota', '(04)4979-5713', 'imperdiet@condimentum.ca', '關於我', '服務說明', 0, 9, 'Dakota', NULL, NULL, '新北市鶯歌區行政路101號26樓', 'N', NULL, NULL, NULL, '2020-01-17 00:00:00', '2020-01-19 15:08:43'),
(22, 'm024', 'Alika', '(04)8396-0861', 'tellus@Quisqueornare.ca', '關於我', '服務說明', 8, 2, 'Alika', NULL, NULL, '新北市鶯歌區行政路101號27樓', 'N', NULL, NULL, NULL, '2020-01-17 00:00:00', '2020-01-19 15:08:43'),
(23, 'm025', 'Zephania', '(07)7736-8065', 'metus.In.nec@ornaretortor.com', '關於我', '服務說明', 5, 9, 'Zephania', NULL, NULL, '新北市鶯歌區行政路101號28樓', 'Y', NULL, NULL, NULL, '2020-01-17 00:00:00', '2020-01-19 15:08:43'),
(24, 'm026', 'Oren', '(01)5060-4517', 'tristique.aliquet@nunc.net', '關於我', '服務說明', 8, 6, 'Oren', NULL, NULL, '新北市鶯歌區行政路101號29樓', 'N', NULL, NULL, NULL, '2020-01-17 00:00:00', '2020-01-19 15:08:43'),
(25, 'm027', 'Mia', '(06)4026-5169', 'consequat.dolor@fermentum.com', '關於我', '服務說明', 9, 9, 'Mia', NULL, NULL, '新北市鶯歌區行政路101號30樓', 'Y', NULL, NULL, NULL, '2020-01-17 00:00:00', '2020-01-19 15:08:43'),
(26, 'm028', 'Lillith', '(09)7545-4473', 'Donec.felis.orci@Sed.edu', '關於我', '服務說明', 7, 0, 'Lillith', NULL, NULL, '新北市鶯歌區行政路101號31樓', 'N', NULL, NULL, NULL, '2020-01-17 00:00:00', '2020-01-19 15:08:43'),
(27, 'm029', 'Diana', '(06)9824-4848', 'imperdiet@faucibus.ca', '關於我', '服務說明', 4, 7, 'Diana', NULL, NULL, '新北市鶯歌區行政路101號32樓', 'Y', NULL, NULL, NULL, '2020-01-17 00:00:00', '2020-01-19 15:08:43'),
(28, 'm030', 'Abra', '(06)8838-4539', 'In@liberoat.net', '關於我', '服務說明', 1, 6, 'Abra', NULL, NULL, '新北市鶯歌區行政路101號33樓', 'N', NULL, NULL, NULL, '2020-01-17 00:00:00', '2020-01-19 15:08:43'),
(29, 'm031', 'Xander', '(03)8520-1853', 'magna.Lorem.ipsum@In.ca', '關於我', '服務說明', 5, 4, 'Xander', NULL, NULL, '新北市鶯歌區行政路101號34樓', 'Y', NULL, NULL, NULL, '2020-01-17 00:00:00', '2020-01-19 15:08:43'),
(30, 'm032', 'Megan', '(09)3902-0376', 'justo.nec.ante@Donec.net', '關於我', '服務說明', 8, 3, 'Megan', NULL, NULL, '新北市鶯歌區行政路101號35樓', 'N', NULL, NULL, NULL, '2020-01-17 00:00:00', '2020-01-19 15:08:43'),
(31, 'm033', 'Amanda', '(01)3496-4865', 'a.nunc@Cumsociisnatoque.co.uk', '關於我', '服務說明', 0, 9, 'Amanda', NULL, NULL, '新北市鶯歌區行政路101號36樓', 'Y', NULL, NULL, NULL, '2020-01-17 00:00:00', '2020-01-19 15:08:43'),
(32, 'm034', 'Holmes', '(03)6459-9105', 'non.enim@molestie.com', '關於我', '服務說明', 1, 9, 'Holmes', NULL, NULL, '新北市鶯歌區行政路101號37樓', 'N', NULL, NULL, NULL, '2020-01-17 00:00:00', '2020-01-19 15:08:43'),
(33, 'm035', 'Amaya', '(02)8195-0231', 'Sed.id@fermentum.edu', '關於我', '服務說明', 5, 3, 'Amaya', NULL, NULL, '新北市鶯歌區行政路101號38樓', 'Y', NULL, NULL, NULL, '2020-01-17 00:00:00', '2020-01-19 15:08:43'),
(34, 'm036', 'Jonah', '(01)9665-7895', 'ac.fermentum.vel@laciniaat.com', '關於我', '服務說明', 0, 8, 'Jonah', NULL, NULL, '新北市鶯歌區行政路101號39樓', 'N', NULL, NULL, NULL, '2020-01-17 00:00:00', '2020-01-19 15:08:43'),
(35, 'm037', 'Wesley', '(05)4471-6850', 'Morbi.sit.amet@ipsumprimisin.com', '關於我', '服務說明', 8, 1, 'Wesley', NULL, NULL, '新北市鶯歌區行政路101號40樓', 'Y', NULL, NULL, NULL, '2020-01-17 00:00:00', '2020-01-19 15:08:43'),
(36, 'm038', 'Walter', '(08)9363-8952', 'egestas.hendrerit.neque@liberoat.net', '關於我', '服務說明', 7, 4, 'Walter', NULL, NULL, '新北市鶯歌區行政路101號41樓', 'N', NULL, NULL, NULL, '2020-01-17 00:00:00', '2020-01-19 15:08:43'),
(37, 'm039', 'Cullen', '(04)3051-7137', 'malesuada.fringilla@sagittisNullamvitae.ca', '關於我', '服務說明', 5, 1, 'Cullen', NULL, NULL, '新北市鶯歌區行政路101號42樓', 'Y', NULL, NULL, NULL, '2020-01-17 00:00:00', '2020-01-19 15:08:43'),
(38, 'm040', 'Stone', '(02)3335-5272', 'ligula.Aenean.euismod@nequeNullamut.co.uk', '關於我', '服務說明', 8, 0, 'Stone', NULL, NULL, '新北市鶯歌區行政路101號43樓', 'N', NULL, NULL, NULL, '2020-01-17 00:00:00', '2020-01-19 15:08:43'),
(39, 'm041', 'Louis', '(05)2074-7384', 'et.lacinia@egestas.ca', '關於我', '服務說明', 2, 7, 'Louis', NULL, NULL, '新北市鶯歌區行政路101號44樓', 'Y', NULL, NULL, NULL, '2020-01-17 00:00:00', '2020-01-19 15:08:43'),
(40, 'm042', 'Dante', '(04)5988-0975', 'gravida.nunc@Sed.ca', '關於我', '服務說明', 9, 2, 'Dante', NULL, NULL, '新北市鶯歌區行政路101號45樓', 'N', NULL, NULL, NULL, '2020-01-17 00:00:00', '2020-01-19 15:08:43'),
(41, 'm043', 'Brent', '(06)8764-1689', 'Donec@blandit.co.uk', '關於我', '服務說明', 5, 6, 'Brent', NULL, NULL, '新北市鶯歌區行政路101號46樓', 'Y', NULL, NULL, NULL, '2020-01-17 00:00:00', '2020-01-19 15:08:43'),
(42, 'm044', 'Vincent', '(03)2603-2584', 'Cras@bibendumsed.org', '關於我', '服務說明', 5, 0, 'Vincent', NULL, NULL, '新北市鶯歌區行政路101號47樓', 'N', NULL, NULL, NULL, '2020-01-17 00:00:00', '2020-01-19 15:08:43'),
(43, 'm045', 'Helen', '(03)7229-0041', 'vehicula.et.rutrum@consectetuer', '關於我', '服務說明', 8, 1, 'Helen', NULL, NULL, '新北市鶯歌區行政路101號48樓', 'Y', NULL, NULL, NULL, '2020-01-17 00:00:00', '2020-01-19 15:08:43'),
(44, 'm046', 'Lillith', '(02)5152-6893', 'gravida.sagittis.Duis@nec.org', '關於我', '服務說明', 6, 1, 'Lillith', NULL, NULL, '新北市鶯歌區行政路101號49樓', 'N', NULL, NULL, NULL, '2020-01-17 00:00:00', '2020-01-19 15:08:43'),
(45, 'm047', 'Remedios', '(02)6441-2393', 'aliquet@lobortisnisinibh.net', '關於我', '服務說明', 6, 11, 'Remedios', NULL, NULL, '新北市鶯歌區行政路101號50樓', 'Y', NULL, NULL, NULL, '2020-01-17 00:00:00', '2020-01-19 15:08:43'),
(46, 'm048', 'Hilary', '(08)5619-6791', 'tempor.augue.ac@fringillapurusmauris.edu', '關於我', '服務說明', 0, 8, 'Hilary', NULL, NULL, '新北市鶯歌區行政路101號51樓', 'N', NULL, NULL, NULL, '2020-01-17 00:00:00', '2020-01-19 15:08:43'),
(47, 'm049', 'Ayanna', '(05)4055-2894', 'Nunc.mauris@Naminterdum.com', '關於我', '服務說明', 10, 3, 'Ayanna', NULL, NULL, '新北市鶯歌區行政路101號52樓', 'Y', NULL, NULL, NULL, '2020-01-17 00:00:00', '2020-01-19 15:08:43'),
(48, 'm050', 'Lyle', '(03)7694-0607', 'velit.eget.laoreet@Fuscealiquet.com', '關於我', '服務說明', 7, 0, 'Lyle', NULL, NULL, '新北市鶯歌區行政路101號53樓', 'N', NULL, NULL, NULL, '2020-01-17 00:00:00', '2020-01-19 15:08:43');

-- --------------------------------------------------------

--
-- 資料表結構 `service_list`
--

CREATE TABLE `service_list` (
  `id` int(11) NOT NULL COMMENT 'id',
  `sListId` varchar(20) COLLATE utf8mb4_unicode_ci NOT NULL COMMENT '服務代號',
  `sTypeId` varchar(20) COLLATE utf8mb4_unicode_ci DEFAULT NULL COMMENT '業者類別',
  `sListName` varchar(10) COLLATE utf8mb4_unicode_ci NOT NULL COMMENT '服務項目名稱',
  `sListInfo` varchar(50) COLLATE utf8mb4_unicode_ci NOT NULL COMMENT '服務項目說明',
  `dataSts` varchar(1) COLLATE utf8mb4_unicode_ci NOT NULL DEFAULT 'Y' COMMENT '上架狀態',
  `created_at` datetime DEFAULT current_timestamp() COMMENT '新增時間',
  `updated_at` datetime DEFAULT current_timestamp() COMMENT '修改時間'
) ENGINE=InnoDB DEFAULT CHARSET=utf8mb4 COLLATE=utf8mb4_unicode_ci;

--
-- 傾印資料表的資料 `service_list`
--

INSERT INTO `service_list` (`id`, `sListId`, `sTypeId`, `sListName`, `sListInfo`, `dataSts`, `created_at`, `updated_at`) VALUES
(1, 'L01', 'N', '到府遛狗', '到府遛狗', 'Y', '2020-01-19 21:52:55', '2020-01-19 21:52:55'),
(2, 'L02', 'N', '到府清理', '到府清理', 'Y', '2020-01-19 22:10:03', '2020-01-19 22:10:03'),
(3, 'L03', 'N', '到府陪伴', '到府陪伴', 'Y', '2020-01-19 22:10:50', '2020-01-19 22:10:50'),
(4, 'L04', 'G', '洗澡美容', '洗澡美容', 'Y', '2020-01-19 22:29:55', '2020-01-19 22:29:55'),
(5, 'L05', 'T', '行為訓練', '行為訓練', 'Y', '2020-01-19 22:30:15', '2020-01-19 22:30:15');

-- --------------------------------------------------------

--
-- 資料表結構 `service_order`
--

CREATE TABLE `service_order` (
  `id` int(11) NOT NULL COMMENT 'id',
  `orderId` varchar(20) COLLATE utf8mb4_unicode_ci NOT NULL COMMENT '訂單編號',
  `orderSts` varchar(1) COLLATE utf8mb4_unicode_ci DEFAULT NULL COMMENT '訂單狀態',
  `mId` varchar(6) COLLATE utf8mb4_unicode_ci NOT NULL COMMENT '會員ID',
  `dId` varchar(6) COLLATE utf8mb4_unicode_ci NOT NULL COMMENT '狗ID',
  `sId` varchar(6) COLLATE utf8mb4_unicode_ci NOT NULL COMMENT '服務者ID',
  `serviceTime` datetime DEFAULT NULL COMMENT '服務時間',
  `created_at` datetime DEFAULT current_timestamp() COMMENT '新增時間',
  `update_at` datetime DEFAULT current_timestamp() ON UPDATE current_timestamp() COMMENT '修改時間'
) ENGINE=InnoDB DEFAULT CHARSET=utf8mb4 COLLATE=utf8mb4_unicode_ci;

-- --------------------------------------------------------

--
-- 資料表結構 `service_pay`
--

CREATE TABLE `service_pay` (
  `id` int(11) NOT NULL COMMENT 'id',
  `sPayId` varchar(20) COLLATE utf8mb4_unicode_ci NOT NULL COMMENT '付款代號',
  `sPayName` varchar(30) COLLATE utf8mb4_unicode_ci NOT NULL COMMENT '付款項目名稱',
  `sPayInfo` varchar(50) COLLATE utf8mb4_unicode_ci NOT NULL COMMENT '付款方式說明',
  `dataSts` varchar(1) COLLATE utf8mb4_unicode_ci NOT NULL DEFAULT 'Y' COMMENT '上架狀態',
  `created_at` datetime DEFAULT current_timestamp() COMMENT '新增時間',
  `updated_at` datetime DEFAULT current_timestamp() COMMENT '修改時間'
) ENGINE=InnoDB DEFAULT CHARSET=utf8mb4 COLLATE=utf8mb4_unicode_ci;

--
-- 傾印資料表的資料 `service_pay`
--

INSERT INTO `service_pay` (`id`, `sPayId`, `sPayName`, `sPayInfo`, `dataSts`, `created_at`, `updated_at`) VALUES
(1, 'CreditInst', '信用卡-分期付款', '', 'Y', '2020-01-19 22:45:39', '2020-01-19 22:45:39'),
(2, 'CreditPay', '信用卡-一次付清', '', 'Y', '2020-01-19 22:46:24', '2020-01-19 22:46:24'),
(3, 'Cash', '現金付款', '', 'Y', '2020-01-19 22:47:23', '2020-01-19 22:47:23');

-- --------------------------------------------------------

--
-- 資料表結構 `service_type`
--

CREATE TABLE `service_type` (
  `id` int(11) NOT NULL COMMENT 'id',
  `sTypeId` varchar(20) COLLATE utf8mb4_unicode_ci NOT NULL COMMENT '業者類別代號',
  `sTypeName` varchar(10) COLLATE utf8mb4_unicode_ci NOT NULL COMMENT '業者類別名稱',
  `sTypeInfo` varchar(50) COLLATE utf8mb4_unicode_ci NOT NULL COMMENT '業者類別說明',
  `dataSts` varchar(1) COLLATE utf8mb4_unicode_ci NOT NULL DEFAULT 'Y' COMMENT '上架狀態',
  `created_at` datetime DEFAULT current_timestamp() COMMENT '新增時間',
  `updated_at` datetime DEFAULT current_timestamp() COMMENT '修改時間'
) ENGINE=InnoDB DEFAULT CHARSET=utf8mb4 COLLATE=utf8mb4_unicode_ci;

--
-- 傾印資料表的資料 `service_type`
--

INSERT INTO `service_type` (`id`, `sTypeId`, `sTypeName`, `sTypeInfo`, `dataSts`, `created_at`, `updated_at`) VALUES
(1, 'N', '保姆', '寵物保母', 'Y', '2020-01-12 21:20:54', '2020-01-17 23:04:12'),
(2, 'T', '訓練師', '動物行為訓練', 'Y', '2020-01-16 14:03:35', '2020-01-19 19:07:48'),
(3, 'G', '美容師', '寵物美容', 'Y', '2020-01-16 14:03:35', '2020-01-18 13:17:05');

-- --------------------------------------------------------

--
-- 資料表結構 `vendor`
--

CREATE TABLE `vendor` (
  `Id` int(11) NOT NULL,
  `vId` varchar(6) COLLATE utf8mb4_unicode_ci NOT NULL COMMENT '廠商編號',
  `vName` varchar(10) COLLATE utf8mb4_unicode_ci NOT NULL COMMENT '廠商名稱',
  `vAccount` varchar(20) COLLATE utf8mb4_unicode_ci DEFAULT NULL COMMENT '廠商帳號',
  `vPassword` varchar(20) COLLATE utf8mb4_unicode_ci NOT NULL COMMENT '廠商密碼',
  `vPhone` varchar(15) COLLATE utf8mb4_unicode_ci DEFAULT NULL COMMENT '廠商電話',
  `vAddress` varchar(30) COLLATE utf8mb4_unicode_ci DEFAULT NULL COMMENT '廠商地址',
  `vEmail` varchar(50) COLLATE utf8mb4_unicode_ci DEFAULT NULL COMMENT '廠商信箱',
  `created_at` datetime NOT NULL DEFAULT current_timestamp() COMMENT '新增時間',
  `updated_at` datetime NOT NULL DEFAULT current_timestamp() ON UPDATE current_timestamp() COMMENT '更新時間'
) ENGINE=InnoDB DEFAULT CHARSET=utf8mb4 COLLATE=utf8mb4_unicode_ci;

--
-- 傾印資料表的資料 `vendor`
--

INSERT INTO `vendor` (`Id`, `vId`, `vName`, `vAccount`, `vPassword`, `vPhone`, `vAddress`, `vEmail`, `created_at`, `updated_at`) VALUES
(1, 'v001', 'EZDOG', 'ezdog', 'slonDD4B', '03-2737-6578', '台北市大安區復興南路一段390號', 'ezdog@gmail.com', '2020-01-15 21:27:19', '2020-01-15 21:27:19'),
(2, 'v002', '飛萊希', 'flexi', 'PTV34EZv', '02-2633-7889', '台北市大安區復興南路一段391號', 'flexi@gmail.com', '2020-01-15 18:06:34', '2020-01-15 18:06:34'),
(3, 'v003', 'SPUTNIK-EX', 'sputink_explore', 'B0ex6RIG', '05-2555-1587', '台北市大安區復興南路一段392號', 'sputink_explore@gmail.com', '2020-01-15 18:23:28', '2020-01-15 18:23:28'),
(4, 'v004', 'tails&me', 'tails_me', 'KRb3U66h', '04-2259-6749', '台北市大安區復興南路一段393號', 'tails_me@gmail.com', '2020-01-15 19:11:01', '2020-01-15 19:11:01'),
(5, 'v005', 'IBIYAYA ', 'ibiyaya', 'QlHcp757', '01-2412-7355', '台北市大安區復興南路一段394號', 'ibiyaya@gmail.com', '2020-01-10 00:00:00', '2020-01-11 00:00:00'),
(6, 'v006', 'pet gear', 'pet_gear', 'MJiCd17J', '02-2957-4487', '台北市大安區復興南路一段395號', 'pet_gear@gmail.com', '2020-01-10 00:00:00', '2020-01-11 00:00:00'),
(7, 'v007', '希爾思', 'hills', 'R3wBlB8j', '02-2277-5248', '台北市大安區復興南路一段396號', 'hills@gmail.com', '2020-01-10 00:00:00', '2020-01-11 00:00:00'),
(8, 'v008', 'Furhaven', 'furhaven', 'UC808TsR', '06-2351-5619', '台北市大安區復興南路一段397號', 'furhaven@gmail.com', '2020-01-10 00:00:00', '2020-01-11 00:00:00'),
(9, 'v009', 'BigBarker', 'bigbarker', '45cjOJVt', '07-2114-5461', '台北市大安區復興南路一段398號', 'bigbarker@gmail.com', '2020-01-10 00:00:00', '2020-01-11 00:00:00'),
(10, 'v010', 'PETMAKER', 'petmaker', 'kUnzDyC1', '03-2173-2825', '台北市大安區復興南路一段399號', 'petmaker@gmail.com', '2020-01-10 00:00:00', '2020-01-11 00:00:00'),
(11, 'v011', 'Pawhut', 'pawhut', 'YIWUUqL7', '03-2157-7649', '台北市大安區復興南路一段400號', 'pawhut@gmail.com', '2020-01-10 00:00:00', '2020-01-11 00:00:00'),
(12, 'v012', 'Petmate', 'petmate', '6aKowMU8', '04-2331-8589', '台北市大安區復興南路一段401號', 'petmate@gmail.com', '2020-01-10 00:00:00', '2020-01-11 00:00:00'),
(13, 'v013', 'MidWestHom', 'midwesthomes', '6q9RPU0i', '07-2249-2463', '台北市大安區復興南路一段402號', 'midwesthomes@gmail.com', '2020-01-10 00:00:00', '2020-01-11 00:00:00'),
(14, 'v014', 'Petsfit', 'petsfit', '0gsbA2GZ', '02-2563-3234', '台北市大安區復興南路一段403號', 'petsfit@gmail.com', '2020-01-10 00:00:00', '2020-01-11 00:00:00'),
(15, 'v015', 'Ruff Ruff ', 'ruff_ruff_and_meow', 'D2QF1n4E', '04-2628-5147', '台北市大安區復興南路一段404號', 'ruff_ruff_and_meow@gmail.com', '2020-01-10 00:00:00', '2020-01-11 00:00:00'),
(16, 'v016', 'ALLSTARDOG', 'allstartdog', '31O5Wmcq', '03-2624-7636', '台北市大安區復興南路一段405號', 'allstartdog@gmail.com', '2020-01-10 00:00:00', '2020-01-11 00:00:00'),
(17, 'v017', 'Vetri Scie', 'vetri_science', 'Xhdea2ZI', '02-2979-1413', '台北市大安區復興南路一段406號', 'vetri_science@gmail.com', '2020-01-10 00:00:00', '2020-01-11 00:00:00'),
(18, 'v018', 'NOW PETS', 'now_pets', 'MPHyN6yl', '03-2671-9857', '台北市大安區復興南路一段407號', 'now_pets@gmail.com', '2020-01-10 00:00:00', '2020-01-11 00:00:00'),
(19, 'v019', 'Lintbells', 'lintbells', 'WG9Y1OHK', '05-2313-6551', '台北市大安區復興南路一段408號', 'lintbells@gmail.com', '2020-01-10 00:00:00', '2020-01-11 00:00:00'),
(20, 'v020', 'Holistic B', 'holistic_blend', '6lhzGE5r', '04-2964-5463', '台北市大安區復興南路一段409號', 'holistic_blend@gmail.com', '2020-01-10 00:00:00', '2020-01-11 00:00:00'),
(21, 'v021', 'CANIDAE 卡比', 'canidae', 'FE65GPuC', '03-2532-6222', '台北市大安區復興南路一段410號', 'canidae@gmail.com', '2020-01-10 00:00:00', '2020-01-11 00:00:00'),
(22, 'v022', 'HALO 嘿囉', 'halo', 'KRVQuW9Q', '01-2653-3619', '台北市大安區復興南路一段411號', 'halo@gmail.com', '2020-01-10 00:00:00', '2020-01-11 00:00:00'),
(23, 'v023', 'Farmina法米納', 'farmina', 'DKd8L06m', '07-2674-3246', '台北市大安區復興南路一段412號', 'farmina@gmail.com', '2020-01-10 00:00:00', '2020-01-11 00:00:00'),
(24, 'v024', 'Nutram 紐頓', 'nutram ', 'OryvZ28K', '09-2576-9646', '台北市大安區復興南路一段413號', 'nutram@gmail.com', '2020-01-10 00:00:00', '2020-01-11 00:00:00'),
(25, 'v025', 'arrr', 'arrr', 'LDuwTCT2', '09-2631-7989', '台北市大安區復興南路一段414號', 'arrr@gmail.com', '2020-01-10 00:00:00', '2020-01-11 00:00:00'),
(26, 'v026', 'CS22', 'cs22', 'PD2kjtTb', '02-2147-3494', '台北市大安區復興南路一段415號', 'cs22@gmail.com', '2020-01-10 00:00:00', '2020-01-11 00:00:00'),
(27, 'v027', 'innfact', 'innfact', 'n6BBOhj8', '04-2113-1829', '台北市大安區復興南路一段416號', 'innfact@gmail.com', '2020-01-10 00:00:00', '2020-01-11 00:00:00'),
(28, 'v028', 'pidan', 'pidan', 'oZquW5B6', '08-2985-1825', '台北市大安區復興南路一段417號', 'pidan@gmail.com', '2020-01-10 00:00:00', '2020-01-11 00:00:00'),
(29, 'v029', 'petstages', 'petstages', '8IcWTyDX', '01-2437-9862', '台北市大安區復興南路一段418號', 'petstages@gmail.com', '2020-01-10 00:00:00', '2020-01-11 00:00:00'),
(30, 'v030', 'hachan', 'hachan', 'JlT3tifN', '06-2845-7279', '台北市大安區復興南路一段419號', 'hachan@gmail.com', '2020-01-10 00:00:00', '2020-01-11 00:00:00'),
(31, 'v031', 'lulu', 'lulu', 'F3HwDqaD', '07-2947-6655', '台北市大安區復興南路一段420號', 'lulu@gmail.com', '2020-01-10 00:00:00', '2020-01-11 00:00:00'),
(32, 'v032', 'URBANER 奧本', 'urbaner', 'hnSBz3BO', '04-2319-2479', '台北市大安區復興南路一段421號', 'urbaner@gmail.com', '2020-01-10 00:00:00', '2020-01-11 00:00:00'),
(33, 'v033', 'ToBeYou', 'tobeyou', 'OXwLKaT4', '03-2322-6272', '台北市大安區復興南路一段422號', 'tobeyou@gmail.com', '2020-01-10 00:00:00', '2020-01-11 00:00:00'),
(34, 'v034', 'Marukan', 'marukan', '02DUtPaB', '02-2281-2098', '台北市大安區復興南路一段423號', 'marukan@gmail.com', '2020-01-10 00:00:00', '2020-01-11 00:00:00');

--
-- 已傾印資料表的索引
--

--
-- 資料表索引 `admin`
--
ALTER TABLE `admin`
  ADD PRIMARY KEY (`id`);

--
-- 資料表索引 `adopt`
--
ALTER TABLE `adopt`
  ADD PRIMARY KEY (`petId`);

--
-- 資料表索引 `blogs`
--
ALTER TABLE `blogs`
  ADD PRIMARY KEY (`articleId`);

--
-- 資料表索引 `category`
--
ALTER TABLE `category`
  ADD PRIMARY KEY (`cId`);

--
-- 資料表索引 `dog`
--
ALTER TABLE `dog`
  ADD PRIMARY KEY (`dId`);

--
-- 資料表索引 `marketing`
--
ALTER TABLE `marketing`
  ADD PRIMARY KEY (`mkId`);

--
-- 資料表索引 `marketing_type`
--
ALTER TABLE `marketing_type`
  ADD PRIMARY KEY (`mtId`);

--
-- 資料表索引 `member`
--
ALTER TABLE `member`
  ADD PRIMARY KEY (`mId`);

--
-- 資料表索引 `news`
--
ALTER TABLE `news`
  ADD PRIMARY KEY (`newsId`);

--
-- 資料表索引 `payment_type`
--
ALTER TABLE `payment_type`
  ADD PRIMARY KEY (`paymentTypeId`);

--
-- 資料表索引 `product`
--
ALTER TABLE `product`
  ADD PRIMARY KEY (`pId`);

--
-- 資料表索引 `service_apply`
--
ALTER TABLE `service_apply`
  ADD PRIMARY KEY (`id`);

--
-- 資料表索引 `service_info`
--
ALTER TABLE `service_info`
  ADD PRIMARY KEY (`id`),
  ADD UNIQUE KEY `sId` (`sId`);

--
-- 資料表索引 `service_list`
--
ALTER TABLE `service_list`
  ADD PRIMARY KEY (`id`),
  ADD UNIQUE KEY `sListId` (`sListId`);

--
-- 資料表索引 `service_order`
--
ALTER TABLE `service_order`
  ADD PRIMARY KEY (`id`),
  ADD UNIQUE KEY `orderId` (`orderId`);

--
-- 資料表索引 `service_pay`
--
ALTER TABLE `service_pay`
  ADD PRIMARY KEY (`id`),
  ADD UNIQUE KEY `sPayId` (`sPayId`);

--
-- 資料表索引 `service_type`
--
ALTER TABLE `service_type`
  ADD PRIMARY KEY (`id`),
  ADD UNIQUE KEY `sTypeId` (`sTypeId`);

--
-- 資料表索引 `vendor`
--
ALTER TABLE `vendor`
  ADD PRIMARY KEY (`Id`);

--
-- 在傾印的資料表使用自動遞增(AUTO_INCREMENT)
--

--
-- 使用資料表自動遞增(AUTO_INCREMENT) `admin`
--
ALTER TABLE `admin`
  MODIFY `id` int(11) NOT NULL AUTO_INCREMENT, AUTO_INCREMENT=2;

--
-- 使用資料表自動遞增(AUTO_INCREMENT) `adopt`
--
ALTER TABLE `adopt`
  MODIFY `petId` int(20) NOT NULL AUTO_INCREMENT, AUTO_INCREMENT=43;

--
-- 使用資料表自動遞增(AUTO_INCREMENT) `blogs`
--
ALTER TABLE `blogs`
  MODIFY `articleId` int(20) NOT NULL AUTO_INCREMENT, AUTO_INCREMENT=60;

--
-- 使用資料表自動遞增(AUTO_INCREMENT) `category`
--
ALTER TABLE `category`
  MODIFY `cId` int(11) NOT NULL AUTO_INCREMENT COMMENT '類別編號', AUTO_INCREMENT=39;

--
-- 使用資料表自動遞增(AUTO_INCREMENT) `news`
--
ALTER TABLE `news`
  MODIFY `newsId` int(20) NOT NULL AUTO_INCREMENT, AUTO_INCREMENT=21;

--
-- 使用資料表自動遞增(AUTO_INCREMENT) `payment_type`
--
ALTER TABLE `payment_type`
  MODIFY `paymentTypeId` int(11) NOT NULL AUTO_INCREMENT COMMENT '流水號';

--
-- 使用資料表自動遞增(AUTO_INCREMENT) `product`
--
ALTER TABLE `product`
  MODIFY `pId` int(11) NOT NULL AUTO_INCREMENT COMMENT '商品編號', AUTO_INCREMENT=124;

--
-- 使用資料表自動遞增(AUTO_INCREMENT) `service_apply`
--
ALTER TABLE `service_apply`
  MODIFY `id` int(11) NOT NULL AUTO_INCREMENT COMMENT 'id';

--
-- 使用資料表自動遞增(AUTO_INCREMENT) `service_info`
--
ALTER TABLE `service_info`
  MODIFY `id` int(11) NOT NULL AUTO_INCREMENT COMMENT 'id', AUTO_INCREMENT=52;

--
-- 使用資料表自動遞增(AUTO_INCREMENT) `service_list`
--
ALTER TABLE `service_list`
  MODIFY `id` int(11) NOT NULL AUTO_INCREMENT COMMENT 'id', AUTO_INCREMENT=6;

--
-- 使用資料表自動遞增(AUTO_INCREMENT) `service_order`
--
ALTER TABLE `service_order`
  MODIFY `id` int(11) NOT NULL AUTO_INCREMENT COMMENT 'id';

--
-- 使用資料表自動遞增(AUTO_INCREMENT) `service_pay`
--
ALTER TABLE `service_pay`
  MODIFY `id` int(11) NOT NULL AUTO_INCREMENT COMMENT 'id', AUTO_INCREMENT=4;

--
-- 使用資料表自動遞增(AUTO_INCREMENT) `service_type`
--
ALTER TABLE `service_type`
  MODIFY `id` int(11) NOT NULL AUTO_INCREMENT COMMENT 'id', AUTO_INCREMENT=13;

--
-- 使用資料表自動遞增(AUTO_INCREMENT) `vendor`
--
ALTER TABLE `vendor`
  MODIFY `Id` int(11) NOT NULL AUTO_INCREMENT, AUTO_INCREMENT=35;
COMMIT;

/*!40101 SET CHARACTER_SET_CLIENT=@OLD_CHARACTER_SET_CLIENT */;
/*!40101 SET CHARACTER_SET_RESULTS=@OLD_CHARACTER_SET_RESULTS */;
/*!40101 SET COLLATION_CONNECTION=@OLD_COLLATION_CONNECTION */;
